{
"case24":{"physical_error": 9.999999999999999e-05, "logical_error": 0.33184084019437265, "variance": 8.934753724480201e-05},
"case23":{"physical_error": 8.254041852680186e-05, "logical_error": 0.2883441230585007, "variance": 7.302164792045629e-05},
"case22":{"physical_error": 6.812920690579611e-05, "logical_error": 0.2531359754915578, "variance": 5.979037296287197e-05},
"case21":{"physical_error": 5.623413251903491e-05, "logical_error": 0.2381774991519675, "variance": 5.418158729793475e-05},
"case20":{"physical_error": 4.64158883361278e-05, "logical_error": 0.19723762920156188, "variance": 3.8816544405122154e-05},
"case19":{"physical_error": 3.831186849557287e-05, "logical_error": 0.1777412133149049, "variance": 3.1491827201313666e-05},
"case18":{"physical_error": 3.162277660168379e-05, "logical_error": 0.16874869520889452, "variance": 2.812953800931357e-05},
"case17":{"physical_error": 2.6101572156825373e-05, "logical_error": 0.15486765375867328, "variance": 2.292361767331737e-05},
"case16":{"physical_error": 2.154434690031883e-05, "logical_error": 0.14616948264843543, "variance": 1.9661632053603114e-05},
"case15":{"physical_error": 1.778279410038923e-05, "logical_error": 0.13293076111458402, "variance": 1.4724879082483536e-05},
"case14":{"physical_error": 1.4677992676220699e-05, "logical_error": 0.12766324569217244, "variance": 1.2821248181885575e-05},
"case13":{"physical_error": 1.211527658628588e-05, "logical_error": 0.11739595146370385, "variance": 9.189221791281055e-06},
"case12":{"physical_error": 9.999999999999999e-06, "logical_error": 0.11466938539221105, "variance": 8.613392788437108e-06},
"case11":{"physical_error": 8.254041852680183e-06, "logical_error": 0.10706845713931012, "variance": 6.704456201654724e-06},
"case10":{"physical_error": 6.812920690579613e-06, "logical_error": 0.09855037927800378, "variance": 5.099102601529186e-06},
"case9":{"physical_error": 5.623413251903491e-06, "logical_error": 0.08885942461789322, "variance": 3.820229197212818e-06},
"case8":{"physical_error": 4.6415888336127786e-06, "logical_error": 0.07612166974022075, "variance": 2.3382255546080016e-06},
"case7":{"physical_error": 3.8311868495572874e-06, "logical_error": 0.06263047799914997, "variance": 1.2099429045704863e-06},
"case6":{"physical_error": 3.162277660168379e-06, "logical_error": 0.0502905667774737, "variance": 6.359521997152129e-07},
"case5":{"physical_error": 2.6101572156825365e-06, "logical_error": 0.03971987499420568, "variance": 3.982736236397837e-07},
"case3":{"physical_error": 1.7782794100389227e-06, "logical_error": 0.022407751835161263, "variance": 1.0119026658747053e-07},
"case4":{"physical_error": 2.1544346900318835e-06, "logical_error": 0.030258209774197284, "variance": 2.0658227655120768e-07},
"case2":{"physical_error": 1.4677992676220694e-06, "logical_error": 0.016398756013295265, "variance": 5.408938703244837e-08},
"case0":{"physical_error": 1e-06, "logical_error": 0.008181797333613676, "variance": 7.10694084100493e-09},
"case1":{"physical_error": 1.2115276586285884e-06, "logical_error": 0.011634936807549645, "variance": 2.2035040121241303e-08},
"case1100":{"physical_error": 8.254041852680183e-07, "logical_error": 0.005682624001591383, "variance": 2.0207584021820465e-09},
"case1000":{"physical_error": 6.812920690579613e-07, "logical_error": 0.003980908593383198, "variance": 1.5014305158875242e-09},
"case1200":{"physical_error": 1e-06, "logical_error": 0.008143279410033509, "variance": 6.099549802572288e-09},
"case900":{"physical_error": 5.623413251903491e-07, "logical_error": 0.00273200717378925, "variance": 2.42682214401547e-10},
"case100":{"physical_error": 1.2115276586285883e-07, "logical_error": 0.00013944817527429489, "variance": 1.8148142389318582e-12},
"case400":{"physical_error": 2.1544346900318838e-07, "logical_error": 0.0004187935859880033, "variance": 4.654865427164573e-12},
"case600":{"physical_error": 3.162277660168379e-07, "logical_error": 0.0009006914630635867, "variance": 2.885566592642206e-11},
"case000":{"physical_error": 1e-07, "logical_error": 9.391246342280172e-05, "variance": 6.026617440155069e-13},
"case800":{"physical_error": 4.6415888336127784e-07, "logical_error": 0.0019085479037559865, "variance": 1.75359418719871e-10},
"case500":{"physical_error": 2.610157215682537e-07, "logical_error": 0.0006188640626423012, "variance": 1.4838320608491827e-11},
"case200":{"physical_error": 1.4677992676220693e-07, "logical_error": 0.00019829698892281388, "variance": 9.478076461507116e-13},
"case700":{"physical_error": 3.8311868495572876e-07, "logical_error": 0.0013258600859424683, "variance": 1.4147437716450758e-10},
"case300":{"physical_error": 1.7782794100389227e-07, "logical_error": 0.0002953991411554119, "variance": 1.4130822094078728e-12}
}