{
"case24":{"physical_error": 0.001, "logical_error": 0.15552994817002078, "variance": 2.3683097412631367e-05},
"case23":{"physical_error": 0.0008254041852680187, "logical_error": 0.11037225426756715, "variance": 1.2278227765226435e-05},
"case22":{"physical_error": 0.0006812920690579612, "logical_error": 0.08983620510169761, "variance": 8.173308772250674e-06},
"case21":{"physical_error": 0.0005623413251903491, "logical_error": 0.059938010989047275, "variance": 3.6063935097327135e-06},
"case20":{"physical_error": 0.00046415888336127806, "logical_error": 0.04191318219050613, "variance": 1.6935364599930337e-06},
"case19":{"physical_error": 0.00038311868495572875, "logical_error": 0.028057611442175702, "variance": 7.210697553699353e-07},
"case18":{"physical_error": 0.00031622776601683794, "logical_error": 0.018848308514330815, "variance": 2.9094814384049246e-07},
"case17":{"physical_error": 0.00026101572156825374, "logical_error": 0.013059700633645173, "variance": 1.321022318574907e-07},
"case16":{"physical_error": 0.00021544346900318834, "logical_error": 0.00916564700876412, "variance": 6.395089017990879e-08},
"case15":{"physical_error": 0.0001778279410038923, "logical_error": 0.006036791986953867, "variance": 2.4744684744371892e-08},
"case14":{"physical_error": 0.000146779926762207, "logical_error": 0.004160096347294487, "variance": 1.0843253361435888e-08},
"case13":{"physical_error": 0.00012115276586285883, "logical_error": 0.0027995598612496693, "variance": 4.870667742473072e-09},
"case12":{"physical_error": 0.0001, "logical_error": 0.0017870538334560392, "variance": 1.3850709851237462e-09},
"case11":{"physical_error": 8.254041852680184e-05, "logical_error": 0.0012887987723013475, "variance": 9.300322635676077e-10},
"case10":{"physical_error": 6.812920690579614e-05, "logical_error": 0.0008468996919995518, "variance": 3.638387153513108e-10},
"case9":{"physical_error": 5.6234132519034914e-05, "logical_error": 0.0005804366766558796, "variance": 1.7563154285972768e-10},
"case8":{"physical_error": 4.641588833612779e-05, "logical_error": 0.0003980366604042505, "variance": 7.484978158225064e-11},
"case7":{"physical_error": 3.831186849557288e-05, "logical_error": 0.00026016815790168106, "variance": 3.639979819013727e-11},
"case6":{"physical_error": 3.1622776601683795e-05, "logical_error": 0.000176680793585755, "variance": 2.8384798440910544e-11},
"case5":{"physical_error": 2.610157215682537e-05, "logical_error": 0.00012294371870088752, "variance": 1.4698310454112277e-11},
"case4":{"physical_error": 2.154434690031884e-05, "logical_error": 7.986775838528403e-05, "variance": 8.799729225703654e-12},
"case0":{"physical_error": 1e-05, "logical_error": 1.6679510969860462e-05, "variance": 1.6881027692081644e-12},
"case1":{"physical_error": 1.2115276586285884e-05, "logical_error": 2.674623495445153e-05, "variance": 2.726568281820982e-12},
"case3":{"physical_error": 1.778279410038923e-05, "logical_error": 5.4310800331190724e-05, "variance": 5.865987878741629e-12},
"case2":{"physical_error": 1.4677992676220695e-05, "logical_error": 3.6705902001333415e-05, "variance": 3.793056280506906e-12},
"case1000":{"physical_error": 6.812920690579613e-06, "logical_error": 8.751428999308824e-06, "variance": 8.791308435852981e-13},
"case700":{"physical_error": 3.8311868495572874e-06, "logical_error": 3.044636318220915e-06, "variance": 3.037584168240685e-13},
"case800":{"physical_error": 4.6415888336127786e-06, "logical_error": 2.991614048945263e-06, "variance": 2.9544983905708776e-13},
"case1100":{"physical_error": 8.254041852680183e-06, "logical_error": 1.0892595032100905e-05, "variance": 1.0950815185969388e-12},
"case300":{"physical_error": 1.7782794100389227e-06, "logical_error": 4.130472578340561e-07, "variance": 4.0299991125150616e-14},
"case500":{"physical_error": 2.6101572156825365e-06, "logical_error": 3.1117272223044704e-07, "variance": 3.029874448945043e-14},
"case1200":{"physical_error": 9.999999999999999e-06, "logical_error": 1.9349125738746808e-05, "variance": 1.9549528211766875e-12},
"case200":{"physical_error": 1.4677992676220694e-06, "logical_error": 7.065030015667472e-07, "variance": 7.032873160895708e-14},
"case000":{"physical_error": 1e-06, "logical_error": 3.0043773778395123e-07, "variance": 3.0087611428246075e-14},
"case900":{"physical_error": 5.623413251903491e-06, "logical_error": 5.8016864138026616e-06, "variance": 5.807937851175593e-13},
"case600":{"physical_error": 3.162277660168379e-06, "logical_error": 8.075004766126469e-07, "variance": 8.071861848976665e-14},
"case100":{"physical_error": 1.2115276586285884e-06, "logical_error": 1.0017139325385735e-07, "variance": 1.0034308026418937e-14},
"case400":{"physical_error": 2.1544346900318835e-06, "logical_error": 1.6049931336387501e-06, "variance": 1.6100018493922094e-13}
}