{
"case24":{"physical_error": 0.0005, "logical_error": 0.37295064855580584, "variance": 0.00010526035430852964},
"case23":{"physical_error": 0.00041270209263400933, "logical_error": 0.32628043309003046, "variance": 8.749158817408425e-05},
"case22":{"physical_error": 0.0003406460345289806, "logical_error": 0.2680851581385801, "variance": 6.546506392364613e-05},
"case21":{"physical_error": 0.00028117066259517455, "logical_error": 0.25805973255962833, "variance": 6.173091833071378e-05},
"case20":{"physical_error": 0.00023207944168063903, "logical_error": 0.22124855835059581, "variance": 4.7827464982907146e-05},
"case19":{"physical_error": 0.00019155934247786437, "logical_error": 0.20363696856839847, "variance": 4.122714482092899e-05},
"case18":{"physical_error": 0.00015811388300841897, "logical_error": 0.18410046696715396, "variance": 3.388364396832986e-05},
"case17":{"physical_error": 0.00013050786078412687, "logical_error": 0.16426893379315066, "variance": 2.6462145813994798e-05},
"case16":{"physical_error": 0.00010772173450159417, "logical_error": 0.15415559118928462, "variance": 2.265579748255572e-05},
"case15":{"physical_error": 8.891397050194615e-05, "logical_error": 0.1417579392123391, "variance": 1.7998393516875718e-05},
"case14":{"physical_error": 7.33899633811035e-05, "logical_error": 0.13611779808007196, "variance": 1.589264484837509e-05},
"case13":{"physical_error": 6.0576382931429415e-05, "logical_error": 0.12217434360154207, "variance": 1.067607682572048e-05},
"case12":{"physical_error": 5e-05, "logical_error": 0.12039624289147113, "variance": 1.007200808784487e-05},
"case11":{"physical_error": 4.127020926340092e-05, "logical_error": 0.11551951093211989, "variance": 8.415777567172776e-06},
"case10":{"physical_error": 3.406460345289807e-05, "logical_error": 0.11051004726369416, "variance": 6.967759023124738e-06},
"case9":{"physical_error": 2.8117066259517457e-05, "logical_error": 0.10611993925515091, "variance": 6.177084071169796e-06},
"case8":{"physical_error": 2.3207944168063895e-05, "logical_error": 0.09655541834334574, "variance": 4.1837869689627375e-06},
"case7":{"physical_error": 1.915593424778644e-05, "logical_error": 0.0846520876046108, "variance": 2.2920957929266295e-06},
"case6":{"physical_error": 1.5811388300841898e-05, "logical_error": 0.07362466661157542, "variance": 1.426410149440791e-06},
"case5":{"physical_error": 1.3050786078412685e-05, "logical_error": 0.0616958575453445, "variance": 8.133496397397597e-07},
"case4":{"physical_error": 1.077217345015942e-05, "logical_error": 0.051423375708864114, "variance": 7.255781976356432e-07},
"case3":{"physical_error": 8.891397050194615e-06, "logical_error": 0.03955035008298687, "variance": 2.962844079506867e-07},
"case0":{"physical_error": 5e-06, "logical_error": 0.016009492274958518, "variance": 2.0072314490561398e-08},
"case1":{"physical_error": 6.057638293142942e-06, "logical_error": 0.022800640072221337, "variance": 1.1143989537079256e-07},
"case2":{"physical_error": 7.338996338110348e-06, "logical_error": 0.02969546736933589, "variance": 1.0683311627829704e-07},
"case1200":{"physical_error": 4.9999999999999996e-06, "logical_error": 0.016231968740020485, "variance": 3.1801249657078845e-08},
"case1100":{"physical_error": 4.127020926340092e-06, "logical_error": 0.011350588437015032, "variance": 2.2261621796625453e-09},
"case300":{"physical_error": 8.891397050194613e-07, "logical_error": 0.0006274168371624376, "variance": 3.404966938495379e-11},
"case1000":{"physical_error": 3.4064603452898063e-06, "logical_error": 0.008248903806769174, "variance": 6.3158059731844096e-09},
"case700":{"physical_error": 1.9155934247786437e-06, "logical_error": 0.00274494515339666, "variance": 1.6083262540390726e-10},
"case900":{"physical_error": 2.8117066259517456e-06, "logical_error": 0.005800348347908627, "variance": 4.199682426807448e-09},
"case000":{"physical_error": 5e-07, "logical_error": 0.00019726215196870782, "variance": 3.4348514951963252e-12},
"case500":{"physical_error": 1.3050786078412683e-06, "logical_error": 0.0013261402979724772, "variance": 7.391068551544958e-11},
"case400":{"physical_error": 1.0772173450159418e-06, "logical_error": 0.0009135197552531757, "variance": 5.074185493982627e-11},
"case600":{"physical_error": 1.5811388300841896e-06, "logical_error": 0.0019316785174429674, "variance": 1.9912575714420528e-10},
"case200":{"physical_error": 7.338996338110347e-07, "logical_error": 0.0004192071694369177, "variance": 6.0148081906873604e-12},
"case100":{"physical_error": 6.057638293142942e-07, "logical_error": 0.00029508312844038405, "variance": 4.231209130189232e-12},
"case800":{"physical_error": 2.3207944168063893e-06, "logical_error": 0.004031508611679072, "variance": 1.0744384844765113e-09}
}