{
"case24":{"physical_error": 0.0005, "logical_error": 0.35851548546027556, "variance": 9.804548440003141e-05},
"case23":{"physical_error": 0.00041270209263400933, "logical_error": 0.30388398047245846, "variance": 7.647919670287541e-05},
"case22":{"physical_error": 0.0003406460345289806, "logical_error": 0.2506343246032604, "variance": 5.61746658303473e-05},
"case21":{"physical_error": 0.00028117066259517455, "logical_error": 0.20352090224555627, "variance": 3.9057661590309875e-05},
"case20":{"physical_error": 0.00023207944168063903, "logical_error": 0.1549901645691981, "variance": 2.3681740395614378e-05},
"case19":{"physical_error": 0.00019155934247786437, "logical_error": 0.13506304811818728, "variance": 1.7885005499233304e-05},
"case18":{"physical_error": 0.00015811388300841897, "logical_error": 0.09322073822099466, "variance": 8.716137969234691e-06},
"case17":{"physical_error": 0.00013050786078412687, "logical_error": 0.06790107913173314, "variance": 4.60052056062591e-06},
"case16":{"physical_error": 0.00010772173450159417, "logical_error": 0.047151042361116766, "variance": 2.145796552095557e-06},
"case15":{"physical_error": 8.891397050194615e-05, "logical_error": 0.0319838778000744, "variance": 9.24253716146026e-07},
"case14":{"physical_error": 7.33899633811035e-05, "logical_error": 0.02242982456942947, "variance": 4.341716522409279e-07},
"case13":{"physical_error": 6.0576382931429415e-05, "logical_error": 0.015275420092310869, "variance": 1.8961320111538088e-07},
"case12":{"physical_error": 5e-05, "logical_error": 0.010536664878027086, "variance": 8.640219889062656e-08},
"case11":{"physical_error": 4.127020926340092e-05, "logical_error": 0.006654616230950905, "variance": 2.5533395443912267e-08},
"case10":{"physical_error": 3.406460345289807e-05, "logical_error": 0.004837234405392632, "variance": 1.521427951841725e-08},
"case9":{"physical_error": 2.8117066259517457e-05, "logical_error": 0.0032260391912838746, "variance": 5.654384525648553e-09},
"case8":{"physical_error": 2.3207944168063895e-05, "logical_error": 0.0021362724507117013, "variance": 2.1125384228681162e-09},
"case7":{"physical_error": 1.915593424778644e-05, "logical_error": 0.0014493378564395178, "variance": 8.957487385018318e-10},
"case6":{"physical_error": 1.5811388300841898e-05, "logical_error": 0.0009893073079378532, "variance": 3.544777946113288e-10},
"case4":{"physical_error": 1.077217345015942e-05, "logical_error": 0.00044477229338141336, "variance": 6.228998001824996e-11},
"case5":{"physical_error": 1.3050786078412685e-05, "logical_error": 0.0006507570436853851, "variance": 1.0681276492015818e-10},
"case3":{"physical_error": 8.891397050194615e-06, "logical_error": 0.0002874046167624846, "variance": 2.3690428296609267e-11},
"case1":{"physical_error": 6.057638293142942e-06, "logical_error": 0.00014082303117802982, "variance": 5.123001332290251e-12},
"case2":{"physical_error": 7.338996338110348e-06, "logical_error": 0.00019982762343791305, "variance": 1.1507818064730775e-11},
"case0":{"physical_error": 5e-06, "logical_error": 9.182691516609773e-05, "variance": 2.7474329450241587e-12},
"case1200":{"physical_error": 4.9999999999999996e-06, "logical_error": 9.27764015555178e-05, "variance": 2.4733053085566626e-12},
"case900":{"physical_error": 2.8117066259517456e-06, "logical_error": 3.158185654582799e-05, "variance": 4.985531401971127e-13},
"case1100":{"physical_error": 4.127020926340092e-06, "logical_error": 6.862510814852331e-05, "variance": 1.3775917750117009e-12},
"case800":{"physical_error": 2.3207944168063893e-06, "logical_error": 1.678766994313803e-05, "variance": 2.511124014457804e-13},
"case400":{"physical_error": 1.0772173450159418e-06, "logical_error": 5.170712612172966e-06, "variance": 7.451858298961633e-14},
"case100":{"physical_error": 6.057638293142942e-07, "logical_error": 8.030064561719077e-07, "variance": 1.1514631583102961e-14},
"case000":{"physical_error": 5e-07, "logical_error": 1.4508568159804691e-06, "variance": 2.0751988750097125e-14},
"case500":{"physical_error": 1.3050786078412683e-06, "logical_error": 5.977003084565664e-06, "variance": 8.608329126001799e-14},
"case600":{"physical_error": 1.5811388300841896e-06, "logical_error": 1.0045376668296855e-05, "variance": 1.4839718772832744e-13},
"case700":{"physical_error": 1.9155934247786437e-06, "logical_error": 1.5047934808470385e-05, "variance": 2.2249127152224907e-13},
"case200":{"physical_error": 7.338996338110347e-07, "logical_error": 2.014730179779562e-06, "variance": 2.886510791294082e-14},
"case1000":{"physical_error": 3.4064603452898063e-06, "logical_error": 4.638966869159673e-05, "variance": 7.812292616128511e-13},
"case300":{"physical_error": 8.891397050194613e-07, "logical_error": 3.2765966488477434e-06, "variance": 4.709285481512443e-14}
}