{
"case24":{"physical_error": 4.9999999999999996e-05, "logical_error": 0.5178674927220568, "variance": 0.0001544443738805532},
"case23":{"physical_error": 4.127020926340093e-05, "logical_error": 0.4345051922141303, "variance": 0.00011990728300498668},
"case22":{"physical_error": 3.4064603452898055e-05, "logical_error": 0.3478516473270352, "variance": 8.584705834439411e-05},
"case21":{"physical_error": 2.8117066259517454e-05, "logical_error": 0.27857524391724553, "variance": 6.02377523773769e-05},
"case20":{"physical_error": 2.32079441680639e-05, "logical_error": 0.21350877722502115, "variance": 3.833850958569252e-05},
"case19":{"physical_error": 1.9155934247786435e-05, "logical_error": 0.16770145775893303, "variance": 2.4651614323344315e-05},
"case18":{"physical_error": 1.5811388300841894e-05, "logical_error": 0.11572950833275192, "variance": 1.2658435221885976e-05},
"case17":{"physical_error": 1.3050786078412686e-05, "logical_error": 0.08062641242977485, "variance": 6.37709247468048e-06},
"case16":{"physical_error": 1.0772173450159415e-05, "logical_error": 0.055128909883745546, "variance": 3.0501639615384432e-06},
"case15":{"physical_error": 8.891397050194615e-06, "logical_error": 0.037345952106418424, "variance": 1.3939621053918287e-06},
"case14":{"physical_error": 7.338996338110349e-06, "logical_error": 0.027620197171969535, "variance": 7.654302018238035e-07},
"case13":{"physical_error": 6.05763829314294e-06, "logical_error": 0.016666744741601482, "variance": 2.6185148208580423e-07},
"case12":{"physical_error": 4.9999999999999996e-06, "logical_error": 0.011506717681046417, "variance": 1.2253548561159817e-07},
"case11":{"physical_error": 4.127020926340092e-06, "logical_error": 0.0076191381406820104, "variance": 4.9707792733211496e-08},
"case10":{"physical_error": 3.4064603452898063e-06, "logical_error": 0.005153431522170151, "variance": 2.223060014878563e-08},
"case9":{"physical_error": 2.8117066259517456e-06, "logical_error": 0.003270799770939762, "variance": 7.409257136977001e-09},
"case8":{"physical_error": 2.3207944168063893e-06, "logical_error": 0.002238249447993071, "variance": 3.3979385285381227e-09},
"case7":{"physical_error": 1.9155934247786437e-06, "logical_error": 0.0014864907949165163, "variance": 1.3872701017952641e-09},
"case6":{"physical_error": 1.5811388300841896e-06, "logical_error": 0.0009738055641141023, "variance": 4.528587375684585e-10},
"case5":{"physical_error": 1.3050786078412683e-06, "logical_error": 0.0006468627755252097, "variance": 1.668396615782172e-10},
"case4":{"physical_error": 1.0772173450159418e-06, "logical_error": 0.00043773956213068665, "variance": 8.198611243187786e-11},
"case3":{"physical_error": 8.891397050194613e-07, "logical_error": 0.0003007027526300207, "variance": 3.5303174540501655e-11},
"case2":{"physical_error": 7.338996338110347e-07, "logical_error": 0.00019674519316306994, "variance": 8.866212875058912e-12},
"case1":{"physical_error": 6.057638293142942e-07, "logical_error": 0.00012969706225533095, "variance": 3.260008521651331e-12},
"case0":{"physical_error": 5e-07, "logical_error": 8.788666058014202e-05, "variance": 1.669833482283111e-12},
"case2400":{"physical_error": 5e-07, "logical_error": 9.188465276544047e-05, "variance": 1.7490111533462244e-12},
"case2300":{"physical_error": 4.127020926340093e-07, "logical_error": 6.222619664378461e-05, "variance": 9.345661273854113e-13},
"case2000":{"physical_error": 2.32079441680639e-07, "logical_error": 1.9794382678214936e-05, "variance": 6.93637005061757e-14},
"case2100":{"physical_error": 2.8117066259517457e-07, "logical_error": 2.7453838595206225e-05, "variance": 2.1055675794976658e-13},
"case2200":{"physical_error": 3.406460345289806e-07, "logical_error": 3.9473041695568554e-05, "variance": 2.1011222025932241e-13},
"case1900":{"physical_error": 1.9155934247786438e-07, "logical_error": 1.324421808743379e-05, "variance": 4.4488745693065903e-14},
"case1800":{"physical_error": 1.5811388300841896e-07, "logical_error": 8.69060227233932e-06, "variance": 2.184594447497836e-14},
"case800":{"physical_error": 2.3207944168063894e-08, "logical_error": 2.6996493856892046e-07, "variance": 5.324733498019456e-16},
"case1200":{"physical_error": 5e-08, "logical_error": 1.0106959404084154e-06, "variance": 1.9914938843147327e-15},
"case1400":{"physical_error": 7.338996338110349e-08, "logical_error": 1.851277131149547e-06, "variance": 3.735936879247315e-15},
"case1500":{"physical_error": 8.891397050194615e-08, "logical_error": 3.292079357894293e-06, "variance": 6.834466358122344e-15},
"case1700":{"physical_error": 1.3050786078412687e-07, "logical_error": 6.463682705628868e-06, "variance": 1.4701838493803075e-14},
"case000":{"physical_error": 5e-09, "logical_error": 2.5505116571625773e-08, "variance": 5.003930548709382e-17},
"case1100":{"physical_error": 4.127020926340092e-08, "logical_error": 9.811775320475436e-07, "variance": 1.931129473306801e-15},
"case1600":{"physical_error": 1.0772173450159416e-07, "logical_error": 5.103985349549839e-06, "variance": 1.103256197841711e-14},
"case1000":{"physical_error": 3.4064603452898065e-08, "logical_error": 4.919168034096996e-07, "variance": 9.679285659072685e-16},
"case1300":{"physical_error": 6.057638293142941e-08, "logical_error": 1.1629769468869402e-06, "variance": 2.3537177822968256e-15},
"case300":{"physical_error": 8.891397050194614e-09, "logical_error": 1.7662990841268237e-08, "variance": 3.4664582828747286e-17},
"case700":{"physical_error": 1.915593424778644e-08, "logical_error": 1.2181750060471583e-07, "variance": 2.393468298964507e-16},
"case400":{"physical_error": 1.077217345015942e-08, "logical_error": 2.9444565952353276e-08, "variance": 5.779883094149878e-17},
"case600":{"physical_error": 1.58113883008419e-08, "logical_error": 1.433834442757823e-07, "variance": 2.816275629094023e-16},
"case900":{"physical_error": 2.8117066259517456e-08, "logical_error": 3.8678616657684103e-07, "variance": 7.589612318848399e-16},
"case200":{"physical_error": 7.3389963381103475e-09, "logical_error": 0.0, "variance": 0.0},
"case500":{"physical_error": 1.3050786078412684e-08, "logical_error": 7.657166283023002e-08, "variance": 1.5033896278426744e-16},
"case100":{"physical_error": 6.057638293142942e-09, "logical_error": 0.0, "variance": 0.0}
}