{
"case24":{"physical_error": 9.999999999999999e-05, "logical_error": 0.3280981201414295, "variance": 8.797818735096984e-05},
"case23":{"physical_error": 8.254041852680186e-05, "logical_error": 0.2811879577996228, "variance": 7.02982866764353e-05},
"case22":{"physical_error": 6.812920690579611e-05, "logical_error": 0.25087973134412545, "variance": 5.8937073447905196e-05},
"case21":{"physical_error": 5.623413251903491e-05, "logical_error": 0.22832938888292892, "variance": 5.047222184384689e-05},
"case20":{"physical_error": 4.64158883361278e-05, "logical_error": 0.20957042169085296, "variance": 4.343418606960167e-05},
"case19":{"physical_error": 3.831186849557287e-05, "logical_error": 0.1836079986513035, "variance": 3.370673246542605e-05},
"case18":{"physical_error": 3.162277660168379e-05, "logical_error": 0.16639078512816663, "variance": 2.7261814978587615e-05},
"case17":{"physical_error": 2.6101572156825373e-05, "logical_error": 0.1472696731424888, "variance": 2.0197045124065644e-05},
"case16":{"physical_error": 2.154434690031883e-05, "logical_error": 0.13990068348500231, "variance": 1.7661897497377648e-05},
"case15":{"physical_error": 1.778279410038923e-05, "logical_error": 0.1288428692135429, "variance": 1.4095006513355139e-05},
"case14":{"physical_error": 1.4677992676220699e-05, "logical_error": 0.1207306026047146, "variance": 1.2051164527037158e-05},
"case13":{"physical_error": 1.211527658628588e-05, "logical_error": 0.10106919604608997, "variance": 6.879053912651731e-06},
"case12":{"physical_error": 9.999999999999999e-06, "logical_error": 0.08477561236473424, "variance": 3.836989678928799e-06},
"case11":{"physical_error": 8.254041852680183e-06, "logical_error": 0.07300927141686801, "variance": 2.795299511354607e-06},
"case10":{"physical_error": 6.812920690579613e-06, "logical_error": 0.059885090908382, "variance": 1.7737556758208792e-06},
"case9":{"physical_error": 5.623413251903491e-06, "logical_error": 0.04533885793637669, "variance": 7.017348125367702e-07},
"case8":{"physical_error": 4.6415888336127786e-06, "logical_error": 0.03538955088550084, "variance": 4.5476220830277716e-07},
"case7":{"physical_error": 3.8311868495572874e-06, "logical_error": 0.026275345936168322, "variance": 2.2051634396483698e-07},
"case6":{"physical_error": 3.162277660168379e-06, "logical_error": 0.01923735414528678, "variance": 1.0601619981141218e-07},
"case4":{"physical_error": 2.1544346900318835e-06, "logical_error": 0.009656830306884563, "variance": 1.748032014466179e-08},
"case5":{"physical_error": 2.6101572156825365e-06, "logical_error": 0.013988778774310326, "variance": 5.999676772688183e-08},
"case3":{"physical_error": 1.7782794100389227e-06, "logical_error": 0.006707118020080203, "variance": 6.0908513681161615e-09},
"case2":{"physical_error": 1.4677992676220694e-06, "logical_error": 0.004668480911428326, "variance": 1.983711719078774e-09},
"case1":{"physical_error": 1.2115276586285884e-06, "logical_error": 0.0032161913856012117, "variance": 8.229876025111511e-10},
"case0":{"physical_error": 1e-06, "logical_error": 0.002261770894011062, "variance": 7.660562734903685e-10},
"case1200":{"physical_error": 1e-06, "logical_error": 0.0022336820953227517, "variance": 3.8912929143332907e-10},
"case900":{"physical_error": 5.623413251903491e-07, "logical_error": 0.0007246347058843279, "variance": 3.577525475437147e-11},
"case200":{"physical_error": 1.4677992676220693e-07, "logical_error": 5.036498056016838e-05, "variance": 2.7391956214790925e-13},
"case800":{"physical_error": 4.6415888336127784e-07, "logical_error": 0.0005037340132796181, "variance": 1.762167366277275e-11},
"case600":{"physical_error": 3.162277660168379e-07, "logical_error": 0.0002353542423746352, "variance": 4.431674679249654e-12},
"case1000":{"physical_error": 6.812920690579613e-07, "logical_error": 0.0010557996592684704, "variance": 4.041205880679613e-11},
"case100":{"physical_error": 1.2115276586285883e-07, "logical_error": 3.236140801079896e-05, "variance": 1.6938064132199478e-13},
"case400":{"physical_error": 2.1544346900318838e-07, "logical_error": 0.00010923093268027861, "variance": 7.198554275931375e-13},
"case1100":{"physical_error": 8.254041852680183e-07, "logical_error": 0.0015479688315129263, "variance": 2.950999778294622e-10},
"case700":{"physical_error": 3.8311868495572876e-07, "logical_error": 0.0003384795602746843, "variance": 5.019135265255486e-12},
"case300":{"physical_error": 1.7782794100389227e-07, "logical_error": 6.997649218674439e-05, "variance": 4.1711239415423247e-13},
"case000":{"physical_error": 1e-07, "logical_error": 2.1075144456594094e-05, "variance": 1.071391015308483e-13},
"case500":{"physical_error": 2.610157215682537e-07, "logical_error": 0.00015615562487440723, "variance": 1.5311514232822918e-12}
}