{
"case24":{"physical_error": 0.001, "logical_error": 0.22350334784518494, "variance": 4.8860495590071365e-05},
"case23":{"physical_error": 0.0008254041852680187, "logical_error": 0.2213924780334925, "variance": 4.801313027501358e-05},
"case22":{"physical_error": 0.0006812920690579612, "logical_error": 0.18290510758143924, "variance": 3.347565851517815e-05},
"case21":{"physical_error": 0.0005623413251903491, "logical_error": 0.16049060711191648, "variance": 2.5081299265054685e-05},
"case20":{"physical_error": 0.00046415888336127806, "logical_error": 0.15457705887143194, "variance": 2.2832965472705263e-05},
"case19":{"physical_error": 0.00038311868495572875, "logical_error": 0.13754357396059208, "variance": 1.645123516032825e-05},
"case18":{"physical_error": 0.00031622776601683794, "logical_error": 0.13382456314687874, "variance": 1.505732784994533e-05},
"case17":{"physical_error": 0.00026101572156825374, "logical_error": 0.12786650253602488, "variance": 1.2899430592831944e-05},
"case16":{"physical_error": 0.00021544346900318834, "logical_error": 0.12315770385897014, "variance": 1.1233828641432573e-05},
"case15":{"physical_error": 0.0001778279410038923, "logical_error": 0.11022740107283253, "variance": 6.852685459911958e-06},
"case13":{"physical_error": 0.00012115276586285883, "logical_error": 0.09742714644846656, "variance": 4.357909275068214e-06},
"case14":{"physical_error": 0.000146779926762207, "logical_error": 0.10646623332261151, "variance": 6.228956875270384e-06},
"case12":{"physical_error": 0.0001, "logical_error": 0.09342998684836419, "variance": 4.840044149638407e-06},
"case11":{"physical_error": 8.254041852680184e-05, "logical_error": 0.07598314670738097, "variance": 1.9153464507665604e-06},
"case10":{"physical_error": 6.812920690579614e-05, "logical_error": 0.06378721752573797, "variance": 1.170473845403886e-06},
"case9":{"physical_error": 5.6234132519034914e-05, "logical_error": 0.0515483709892915, "variance": 6.37362842488954e-07},
"case8":{"physical_error": 4.641588833612779e-05, "logical_error": 0.0398971936722277, "variance": 2.825188139557268e-07},
"case7":{"physical_error": 3.831186849557288e-05, "logical_error": 0.030235346905485027, "variance": 1.2579284494170318e-07},
"case6":{"physical_error": 3.1622776601683795e-05, "logical_error": 0.022581179489150064, "variance": 6.316980684124386e-08},
"case4":{"physical_error": 2.154434690031884e-05, "logical_error": 0.011681546968393117, "variance": 1.1843273561308925e-08},
"case5":{"physical_error": 2.610157215682537e-05, "logical_error": 0.01644059650818898, "variance": 3.0433607866926856e-08},
"case3":{"physical_error": 1.778279410038923e-05, "logical_error": 0.008485746916769281, "variance": 1.168283247082108e-08},
"case0":{"physical_error": 1e-05, "logical_error": 0.0028033222167938264, "variance": 6.619662802356705e-10},
"case1":{"physical_error": 1.2115276586285884e-05, "logical_error": 0.004094802524128534, "variance": 9.264232234985648e-10},
"case2":{"physical_error": 1.4677992676220695e-05, "logical_error": 0.006002532908526734, "variance": 6.526516983949352e-09},
"case900":{"physical_error": 5.623413251903491e-06, "logical_error": 0.0009240513533600169, "variance": 1.06260704707655e-10},
"case1200":{"physical_error": 9.999999999999999e-06, "logical_error": 0.0028378796515550553, "variance": 1.0169216416105687e-09},
"case800":{"physical_error": 4.6415888336127786e-06, "logical_error": 0.0006296639678191883, "variance": 6.338556552674721e-11},
"case1100":{"physical_error": 8.254041852680183e-06, "logical_error": 0.0019448217395638479, "variance": 4.841444206049838e-10},
"case000":{"physical_error": 1e-06, "logical_error": 3.0441186925910757e-05, "variance": 3.0482429653231578e-12},
"case700":{"physical_error": 3.8311868495572874e-06, "logical_error": 0.0004377155150747454, "variance": 4.400433443664439e-11},
"case1000":{"physical_error": 6.812920690579613e-06, "logical_error": 0.0013435546487256763, "variance": 2.1714765378212453e-10},
"case400":{"physical_error": 2.1544346900318835e-06, "logical_error": 0.0001371466287552135, "variance": 1.4489973430331596e-11},
"case500":{"physical_error": 2.6101572156825365e-06, "logical_error": 0.00020283822529263833, "variance": 2.090179809757539e-11},
"case200":{"physical_error": 1.4677992676220694e-06, "logical_error": 6.563829989788484e-05, "variance": 6.577689180892625e-12},
"case600":{"physical_error": 3.162277660168379e-06, "logical_error": 0.0002977603472594908, "variance": 3.2661610021636317e-11},
"case300":{"physical_error": 1.7782794100389227e-06, "logical_error": 9.680795417390151e-05, "variance": 9.80006224255015e-12},
"case100":{"physical_error": 1.2115276586285884e-06, "logical_error": 4.167251016769179e-05, "variance": 4.174514672298979e-12}
}