{
"case24":{"physical_error": 9.999999999999999e-05, "logical_error": 0.29819153489005135, "variance": 7.678212793819807e-05},
"case23":{"physical_error": 8.254041852680186e-05, "logical_error": 0.28261083352032784, "variance": 7.085566238535228e-05},
"case22":{"physical_error": 6.812920690579611e-05, "logical_error": 0.2541161305623551, "variance": 6.0095409631393136e-05},
"case21":{"physical_error": 5.623413251903491e-05, "logical_error": 0.22892561557309538, "variance": 5.06125375975537e-05},
"case20":{"physical_error": 4.64158883361278e-05, "logical_error": 0.20799276272449055, "variance": 4.271325474561373e-05},
"case19":{"physical_error": 3.831186849557287e-05, "logical_error": 0.17318205421125876, "variance": 2.9942694559845526e-05},
"case18":{"physical_error": 3.162277660168379e-05, "logical_error": 0.15615321292555198, "variance": 2.4048957585083684e-05},
"case17":{"physical_error": 2.6101572156825373e-05, "logical_error": 0.13898618357566644, "variance": 1.8703281937515692e-05},
"case16":{"physical_error": 2.154434690031883e-05, "logical_error": 0.11431712288823052, "variance": 1.1841221287997245e-05},
"case15":{"physical_error": 1.778279410038923e-05, "logical_error": 0.0934765601805428, "variance": 7.3183043901418e-06},
"case14":{"physical_error": 1.4677992676220699e-05, "logical_error": 0.07382882617812535, "variance": 4.095255929692904e-06},
"case13":{"physical_error": 1.211527658628588e-05, "logical_error": 0.06120791870363017, "variance": 2.9422392254950512e-06},
"case12":{"physical_error": 9.999999999999999e-06, "logical_error": 0.04441677679319207, "variance": 1.2863651867931892e-06},
"case11":{"physical_error": 8.254041852680183e-06, "logical_error": 0.0324084361930582, "variance": 5.958895366522837e-07},
"case10":{"physical_error": 6.812920690579613e-06, "logical_error": 0.022769765751143686, "variance": 2.2076869855891996e-07},
"case8":{"physical_error": 4.6415888336127786e-06, "logical_error": 0.011779612364466566, "variance": 5.34953559110164e-08},
"case9":{"physical_error": 5.623413251903491e-06, "logical_error": 0.017211212761552026, "variance": 1.543757803032863e-07},
"case7":{"physical_error": 3.8311868495572874e-06, "logical_error": 0.008471270524401749, "variance": 3.10709359294791e-08},
"case6":{"physical_error": 3.162277660168379e-06, "logical_error": 0.005804359162897501, "variance": 1.2285566130930226e-08},
"case5":{"physical_error": 2.6101572156825365e-06, "logical_error": 0.0038638797601842725, "variance": 3.014427004923119e-09},
"case4":{"physical_error": 2.1544346900318835e-06, "logical_error": 0.002694353276047605, "variance": 1.5470441153281584e-09},
"case3":{"physical_error": 1.7782794100389227e-06, "logical_error": 0.0018372946104742618, "variance": 6.055074214304737e-10},
"case1":{"physical_error": 1.2115276586285884e-06, "logical_error": 0.0008521358802825465, "variance": 1.0393013757177161e-10},
"case2":{"physical_error": 1.4677992676220694e-06, "logical_error": 0.0012672908479499012, "variance": 2.632980775889782e-10},
"case0":{"physical_error": 1e-06, "logical_error": 0.0005775543307509093, "variance": 3.5054648860983e-11},
"case1000":{"physical_error": 6.812920690579613e-07, "logical_error": 0.00026685433038440144, "variance": 5.042578264335271e-12},
"case1100":{"physical_error": 8.254041852680183e-07, "logical_error": 0.00040024503936572897, "variance": 9.483698076707096e-12},
"case1200":{"physical_error": 1e-06, "logical_error": 0.0006005887459863766, "variance": 6.65702177595284e-11},
"case800":{"physical_error": 4.6415888336127784e-07, "logical_error": 0.0001255259742109764, "variance": 1.581082553866774e-12},
"case200":{"physical_error": 1.4677992676220693e-07, "logical_error": 1.2036740252806276e-05, "variance": 6.275044781291961e-14},
"case500":{"physical_error": 2.610157215682537e-07, "logical_error": 3.984961164578371e-05, "variance": 2.163016776568864e-13},
"case600":{"physical_error": 3.162277660168379e-07, "logical_error": 5.719018132834822e-05, "variance": 4.493216967405141e-13},
"case400":{"physical_error": 2.1544346900318838e-07, "logical_error": 2.6670577712963965e-05, "variance": 1.2770551446018854e-13},
"case300":{"physical_error": 1.7782794100389227e-07, "logical_error": 1.9302536913052188e-05, "variance": 9.233901642620628e-14},
"case000":{"physical_error": 1e-07, "logical_error": 6.771942991913753e-06, "variance": 3.338686471715786e-14},
"case900":{"physical_error": 5.623413251903491e-07, "logical_error": 0.00018708814208534227, "variance": 3.11089387703044e-12},
"case100":{"physical_error": 1.2115276586285883e-07, "logical_error": 8.569806493058211e-06, "variance": 4.235305846526643e-14},
"case700":{"physical_error": 3.8311868495572876e-07, "logical_error": 8.51631870651063e-05, "variance": 7.672940638285107e-13}
}