{
"case24":{"physical_error": 0.0005, "logical_error": 0.36718671929437, "variance": 0.00010306478297337094},
"case23":{"physical_error": 0.00041270209263400933, "logical_error": 0.3216131173307178, "variance": 8.567971155594212e-05},
"case22":{"physical_error": 0.0003406460345289806, "logical_error": 0.27765408694828697, "variance": 6.875667663534686e-05},
"case21":{"physical_error": 0.00028117066259517455, "logical_error": 0.2564937508450444, "variance": 6.060219020601206e-05},
"case20":{"physical_error": 0.00023207944168063903, "logical_error": 0.2031382790650162, "variance": 4.079627422258271e-05},
"case19":{"physical_error": 0.00019155934247786437, "logical_error": 0.18229748572128268, "variance": 3.318555938345592e-05},
"case18":{"physical_error": 0.00015811388300841897, "logical_error": 0.1554108577813239, "variance": 2.419113476728031e-05},
"case17":{"physical_error": 0.00013050786078412687, "logical_error": 0.13117136688541092, "variance": 1.7158461531623263e-05},
"case16":{"physical_error": 0.00010772173450159417, "logical_error": 0.10203849884427879, "variance": 1.0072807203254817e-05},
"case15":{"physical_error": 8.891397050194615e-05, "logical_error": 0.08012352307240356, "variance": 6.0002026485782694e-06},
"case14":{"physical_error": 7.33899633811035e-05, "logical_error": 0.056972881132095324, "variance": 2.695049744048467e-06},
"case13":{"physical_error": 6.0576382931429415e-05, "logical_error": 0.04323412557521132, "variance": 1.5210885446179636e-06},
"case12":{"physical_error": 5e-05, "logical_error": 0.030026631290450564, "variance": 6.205797795647639e-07},
"case11":{"physical_error": 4.127020926340092e-05, "logical_error": 0.021196091914478354, "variance": 2.7756124657527103e-07},
"case10":{"physical_error": 3.406460345289807e-05, "logical_error": 0.014645424568433922, "variance": 1.1072205369595031e-07},
"case9":{"physical_error": 2.8117066259517457e-05, "logical_error": 0.010741005855659114, "variance": 6.543467856142618e-08},
"case8":{"physical_error": 2.3207944168063895e-05, "logical_error": 0.0071272568195474865, "variance": 2.170605025552033e-08},
"case7":{"physical_error": 1.915593424778644e-05, "logical_error": 0.004850429525773199, "variance": 8.763140401623695e-09},
"case6":{"physical_error": 1.5811388300841898e-05, "logical_error": 0.0033568518763554, "variance": 3.839450238930618e-09},
"case5":{"physical_error": 1.3050786078412685e-05, "logical_error": 0.002221299602355114, "variance": 1.063817607984009e-09},
"case4":{"physical_error": 1.077217345015942e-05, "logical_error": 0.0015316111910354635, "variance": 5.475300737579414e-10},
"case3":{"physical_error": 8.891397050194615e-06, "logical_error": 0.0010377245112303344, "variance": 1.8414447585178528e-10},
"case2":{"physical_error": 7.338996338110348e-06, "logical_error": 0.0006977673997103016, "variance": 5.129602831384617e-11},
"case1":{"physical_error": 6.057638293142942e-06, "logical_error": 0.0005052535085280137, "variance": 6.601750610713084e-11},
"case0":{"physical_error": 5e-06, "logical_error": 0.0003270920909117942, "variance": 1.3546259073998527e-11},
"case1200":{"physical_error": 4.9999999999999996e-06, "logical_error": 0.0003340747828731217, "variance": 1.7452657169652405e-11},
"case1100":{"physical_error": 4.127020926340092e-06, "logical_error": 0.00022661575196825781, "variance": 7.543347305756415e-12},
"case1000":{"physical_error": 3.4064603452898063e-06, "logical_error": 0.00015453490716295598, "variance": 6.001449071435398e-12},
"case400":{"physical_error": 1.0772173450159418e-06, "logical_error": 1.613932021130053e-05, "variance": 2.377168263928542e-13},
"case500":{"physical_error": 1.3050786078412683e-06, "logical_error": 2.2030576176886483e-05, "variance": 3.253042758969532e-13},
"case800":{"physical_error": 2.3207944168063893e-06, "logical_error": 7.148621146961794e-05, "variance": 1.3742328533182913e-12},
"case900":{"physical_error": 2.8117066259517456e-06, "logical_error": 0.00010770163362859765, "variance": 2.211213296051747e-12},
"case300":{"physical_error": 8.891397050194613e-07, "logical_error": 9.375583810962719e-06, "variance": 1.3818587102138942e-13},
"case000":{"physical_error": 5e-07, "logical_error": 2.8568866605693806e-06, "variance": 4.1038518427047714e-14},
"case700":{"physical_error": 1.9155934247786437e-06, "logical_error": 4.821385511241605e-05, "variance": 7.776155094923802e-13},
"case600":{"physical_error": 1.5811388300841896e-06, "logical_error": 3.341726039218798e-05, "variance": 5.127287106508653e-13},
"case200":{"physical_error": 7.338996338110347e-07, "logical_error": 8.021393443752096e-06, "variance": 1.151033144534331e-13},
"case100":{"physical_error": 6.057638293142942e-07, "logical_error": 5.104135109323835e-06, "variance": 7.318032363548382e-14}
}