{
"case24":{"physical_error": 4.9999999999999996e-05, "logical_error": 0.5557682559032918, "variance": 0.00017505679572924954},
"case23":{"physical_error": 4.127020926340093e-05, "logical_error": 0.4638931992435611, "variance": 0.00013932328356468097},
"case22":{"physical_error": 3.4064603452898055e-05, "logical_error": 0.4240603407636244, "variance": 0.00012404856091355465},
"case21":{"physical_error": 2.8117066259517454e-05, "logical_error": 0.35918381622076156, "variance": 9.957630246415397e-05},
"case20":{"physical_error": 2.32079441680639e-05, "logical_error": 0.31237385416559255, "variance": 8.201933791357398e-05},
"case19":{"physical_error": 1.9155934247786435e-05, "logical_error": 0.2725291811962047, "variance": 6.704203927315875e-05},
"case18":{"physical_error": 1.5811388300841894e-05, "logical_error": 0.25102453838384003, "variance": 5.896815986698551e-05},
"case17":{"physical_error": 1.3050786078412686e-05, "logical_error": 0.2279564431791229, "variance": 5.0298886385710156e-05},
"case16":{"physical_error": 1.0772173450159415e-05, "logical_error": 0.20051294358081329, "variance": 4.001362457808551e-05},
"case15":{"physical_error": 8.891397050194615e-06, "logical_error": 0.17653554654077241, "variance": 3.10826531404908e-05},
"case14":{"physical_error": 7.338996338110349e-06, "logical_error": 0.15714861318120427, "variance": 2.3976770526431426e-05},
"case13":{"physical_error": 6.05763829314294e-06, "logical_error": 0.14602235025809823, "variance": 2.0123146874502886e-05},
"case12":{"physical_error": 4.9999999999999996e-06, "logical_error": 0.1294403184471102, "variance": 1.4694469823012102e-05},
"case11":{"physical_error": 4.127020926340092e-06, "logical_error": 0.11686168177565062, "variance": 1.1248901486182257e-05},
"case10":{"physical_error": 3.4064603452898063e-06, "logical_error": 0.10367102725141039, "variance": 8.277160737892283e-06},
"case9":{"physical_error": 2.8117066259517456e-06, "logical_error": 0.09102609988024975, "variance": 6.187900812699366e-06},
"case8":{"physical_error": 2.3207944168063893e-06, "logical_error": 0.07134819626594151, "variance": 2.906093763109976e-06},
"case7":{"physical_error": 1.9155934247786437e-06, "logical_error": 0.057455904336603934, "variance": 1.656436803431257e-06},
"case6":{"physical_error": 1.5811388300841896e-06, "logical_error": 0.04520880035788095, "variance": 9.363193828796218e-07},
"case5":{"physical_error": 1.3050786078412683e-06, "logical_error": 0.034258997484043555, "variance": 4.598664915713598e-07},
"case4":{"physical_error": 1.0772173450159418e-06, "logical_error": 0.025363099877878353, "variance": 2.1972541956494234e-07},
"case3":{"physical_error": 8.891397050194613e-07, "logical_error": 0.01818066232511086, "variance": 8.365764532375205e-08},
"case2":{"physical_error": 7.338996338110347e-07, "logical_error": 0.01342927439627251, "variance": 5.5409070866857164e-08},
"case1":{"physical_error": 6.057638293142942e-07, "logical_error": 0.009482936367355543, "variance": 2.4699082062041522e-08},
"case0":{"physical_error": 5e-07, "logical_error": 0.006509796091627122, "variance": 6.8891539583237224e-09},
"case2300":{"physical_error": 4.127020926340093e-07, "logical_error": 0.0045504690487335525, "variance": 3.4249006960002904e-09},
"case2400":{"physical_error": 5e-07, "logical_error": 0.006457126038603913, "variance": 6.152670302079101e-09},
"case2200":{"physical_error": 3.406460345289806e-07, "logical_error": 0.0031481672691427947, "variance": 1.4813722770910525e-09},
"case1700":{"physical_error": 1.3050786078412687e-07, "logical_error": 0.0004754634269950323, "variance": 8.139293511358392e-12},
"case2100":{"physical_error": 2.8117066259517457e-07, "logical_error": 0.002168554305132322, "variance": 6.268172341982178e-10},
"case1500":{"physical_error": 8.891397050194615e-08, "logical_error": 0.0002202482859572256, "variance": 1.261520643030124e-12},
"case1900":{"physical_error": 1.9155934247786438e-07, "logical_error": 0.0010319223473577986, "variance": 6.710797477530416e-11},
"case1800":{"physical_error": 1.5811388300841896e-07, "logical_error": 0.0007044154039324488, "variance": 5.396327644750319e-11},
"case2000":{"physical_error": 2.32079441680639e-07, "logical_error": 0.00147174027148278, "variance": 1.3929718980861488e-10},
"case1100":{"physical_error": 4.127020926340092e-08, "logical_error": 4.925466422880794e-05, "variance": 1.3340285145171636e-13},
"case1200":{"physical_error": 5e-08, "logical_error": 6.989202094261617e-05, "variance": 2.7889182696786357e-13},
"case1400":{"physical_error": 7.338996338110349e-08, "logical_error": 0.00014960301760120123, "variance": 1.4707089259824885e-12},
"case1000":{"physical_error": 3.4064603452898065e-08, "logical_error": 3.392179131577165e-05, "variance": 8.979321783434873e-14},
"case200":{"physical_error": 7.3389963381103475e-09, "logical_error": 1.620842925446445e-06, "variance": 3.1805469600118528e-15},
"case000":{"physical_error": 5e-09, "logical_error": 7.121200537891938e-07, "variance": 1.397010939417973e-15},
"case700":{"physical_error": 1.915593424778644e-08, "logical_error": 9.238445032558641e-06, "variance": 1.8151609234284868e-14},
"case800":{"physical_error": 2.3207944168063894e-08, "logical_error": 1.5937391013586056e-05, "variance": 3.938148138955173e-14},
"case400":{"physical_error": 1.077217345015942e-08, "logical_error": 3.5374119693339753e-06, "variance": 6.944108457706589e-15},
"case500":{"physical_error": 1.3050786078412684e-08, "logical_error": 4.07602157204966e-06, "variance": 8.002866982569451e-15},
"case600":{"physical_error": 1.58113883008419e-08, "logical_error": 7.241816997222124e-06, "variance": 1.4224006894834624e-14},
"case1600":{"physical_error": 1.0772173450159416e-07, "logical_error": 0.0003349917378628346, "variance": 1.4000763562082273e-11},
"case300":{"physical_error": 8.891397050194614e-09, "logical_error": 2.4081918088858982e-06, "variance": 4.7264774151468085e-15},
"case900":{"physical_error": 2.8117066259517456e-08, "logical_error": 2.2695180660523486e-05, "variance": 6.244186861500619e-14},
"case100":{"physical_error": 6.057638293142942e-09, "logical_error": 7.651979046056025e-07, "variance": 1.5013534184943714e-15},
"case1300":{"physical_error": 6.057638293142941e-08, "logical_error": 0.00010233658879353093, "variance": 3.767688917674473e-13}
}