{
"case24":{"physical_error": 9.999999999999999e-05, "logical_error": 0.34041477962953476, "variance": 9.259168630843766e-05},
"case23":{"physical_error": 8.254041852680186e-05, "logical_error": 0.295631402610881, "variance": 7.567512630965472e-05},
"case22":{"physical_error": 6.812920690579611e-05, "logical_error": 0.24179511606065668, "variance": 5.5494017264518375e-05},
"case21":{"physical_error": 5.623413251903491e-05, "logical_error": 0.21894945215555744, "variance": 4.689233905347834e-05},
"case20":{"physical_error": 4.64158883361278e-05, "logical_error": 0.2054973460636445, "variance": 4.180404733002253e-05},
"case19":{"physical_error": 3.831186849557287e-05, "logical_error": 0.17726748807679735, "variance": 3.1405747253709954e-05},
"case18":{"physical_error": 3.162277660168379e-05, "logical_error": 0.1539400306080447, "variance": 2.3275733175637054e-05},
"case17":{"physical_error": 2.6101572156825373e-05, "logical_error": 0.13760004573328555, "variance": 1.819216642594833e-05},
"case16":{"physical_error": 2.154434690031883e-05, "logical_error": 0.11351209724939121, "variance": 1.154485780015461e-05},
"case15":{"physical_error": 1.778279410038923e-05, "logical_error": 0.09184231821917786, "variance": 6.8389277852190175e-06},
"case14":{"physical_error": 1.4677992676220699e-05, "logical_error": 0.07227313062888065, "variance": 3.6849950707280934e-06},
"case13":{"physical_error": 1.211527658628588e-05, "logical_error": 0.05938009229308161, "variance": 2.5539295072379957e-06},
"case12":{"physical_error": 9.999999999999999e-06, "logical_error": 0.044018469579740524, "variance": 1.201040352589601e-06},
"case11":{"physical_error": 8.254041852680183e-06, "logical_error": 0.03310123556693307, "variance": 6.413613279417737e-07},
"case10":{"physical_error": 6.812920690579613e-06, "logical_error": 0.023251455085121414, "variance": 2.435887110157613e-07},
"case9":{"physical_error": 5.623413251903491e-06, "logical_error": 0.016566529700516933, "variance": 1.0521985155935138e-07},
"case8":{"physical_error": 4.6415888336127786e-06, "logical_error": 0.011550672687646908, "variance": 4.148177522247949e-08},
"case6":{"physical_error": 3.162277660168379e-06, "logical_error": 0.0057895750832152116, "variance": 1.0785053087644812e-08},
"case7":{"physical_error": 3.8311868495572874e-06, "logical_error": 0.008297867027231827, "variance": 2.2782987074998976e-08},
"case5":{"physical_error": 2.6101572156825365e-06, "logical_error": 0.003957633854210217, "variance": 3.930602514731893e-09},
"case4":{"physical_error": 2.1544346900318835e-06, "logical_error": 0.0027594080707567656, "variance": 2.047402168841468e-09},
"case2":{"physical_error": 1.4677992676220694e-06, "logical_error": 0.00126640781092103, "variance": 2.376602080588369e-10},
"case3":{"physical_error": 1.7782794100389227e-06, "logical_error": 0.0018292599389358342, "variance": 5.280863874311461e-10},
"case0":{"physical_error": 1e-06, "logical_error": 0.0005951262514151975, "variance": 3.898994962726918e-11},
"case1":{"physical_error": 1.2115276586285884e-06, "logical_error": 0.0008573665184018846, "variance": 3.957154145916668e-11},
"case1200":{"physical_error": 1e-06, "logical_error": 0.0005938224640227971, "variance": 3.498848264928783e-11},
"case300":{"physical_error": 1.7782794100389227e-07, "logical_error": 1.9577478504952196e-05, "variance": 9.364223420763874e-14},
"case600":{"physical_error": 3.162277660168379e-07, "logical_error": 5.865112206937859e-05, "variance": 3.3776825340664216e-13},
"case1000":{"physical_error": 6.812920690579613e-07, "logical_error": 0.00027569601138417157, "variance": 8.65183687333901e-12},
"case900":{"physical_error": 5.623413251903491e-07, "logical_error": 0.00018860982204594592, "variance": 3.1139188892135825e-12},
"case1100":{"physical_error": 8.254041852680183e-07, "logical_error": 0.0004046786645014522, "variance": 1.6945640800283504e-11},
"case800":{"physical_error": 4.6415888336127784e-07, "logical_error": 0.00013093504052205546, "variance": 1.4530495417962124e-12},
"case500":{"physical_error": 2.610157215682537e-07, "logical_error": 4.091121853302169e-05, "variance": 1.96124654541441e-13},
"case700":{"physical_error": 3.8311868495572876e-07, "logical_error": 8.272937778744357e-05, "variance": 9.168013152992208e-13},
"case100":{"physical_error": 1.2115276586285883e-07, "logical_error": 9.345464727358458e-06, "variance": 4.6089222224376474e-14},
"case400":{"physical_error": 2.1544346900318838e-07, "logical_error": 2.7267544775464728e-05, "variance": 1.5279001795714936e-13},
"case000":{"physical_error": 1e-07, "logical_error": 6.2736047961278965e-06, "variance": 2.995290497564608e-14},
"case200":{"physical_error": 1.4677992676220693e-07, "logical_error": 1.3933715545363433e-05, "variance": 6.929106821878138e-14}
}