{
"case24":{"physical_error": 0.0005, "logical_error": 0.36848646003376423, "variance": 0.00010354932775134722},
"case23":{"physical_error": 0.00041270209263400933, "logical_error": 0.3314958710822748, "variance": 8.942801929763089e-05},
"case22":{"physical_error": 0.0003406460345289806, "logical_error": 0.2879319205629914, "variance": 7.292228010060119e-05},
"case21":{"physical_error": 0.00028117066259517455, "logical_error": 0.2418955337041094, "variance": 5.562166994431619e-05},
"case20":{"physical_error": 0.00023207944168063903, "logical_error": 0.22832272985475294, "variance": 5.048344023883383e-05},
"case19":{"physical_error": 0.00019155934247786437, "logical_error": 0.2047560134544854, "variance": 4.163919941581147e-05},
"case18":{"physical_error": 0.00015811388300841897, "logical_error": 0.181113489415565, "variance": 3.277293950404507e-05},
"case17":{"physical_error": 0.00013050786078412687, "logical_error": 0.16571437260672184, "variance": 2.699607996876662e-05},
"case16":{"physical_error": 0.00010772173450159417, "logical_error": 0.1602629562482854, "variance": 2.4970339930695056e-05},
"case15":{"physical_error": 8.891397050194615e-05, "logical_error": 0.1397830797155205, "variance": 1.7365038466861905e-05},
"case14":{"physical_error": 7.33899633811035e-05, "logical_error": 0.14159382314079816, "variance": 1.8220138239002512e-05},
"case13":{"physical_error": 6.0576382931429415e-05, "logical_error": 0.1250296249860158, "variance": 1.2595156119070822e-05},
"case12":{"physical_error": 5e-05, "logical_error": 0.11355310695721005, "variance": 9.417596013204471e-06},
"case11":{"physical_error": 4.127020926340092e-05, "logical_error": 0.09612716690386927, "variance": 5.07318193572663e-06},
"case9":{"physical_error": 2.8117066259517457e-05, "logical_error": 0.07189309682415763, "variance": 2.3258238436592564e-06},
"case10":{"physical_error": 3.406460345289807e-05, "logical_error": 0.08855271173680684, "variance": 4.68928495106651e-06},
"case8":{"physical_error": 2.3207944168063895e-05, "logical_error": 0.06142040309660399, "variance": 1.9521376932045764e-06},
"case7":{"physical_error": 1.915593424778644e-05, "logical_error": 0.04914727224411826, "variance": 1.2571015884924082e-06},
"case6":{"physical_error": 1.5811388300841898e-05, "logical_error": 0.03538149723777315, "variance": 4.019327565239917e-07},
"case5":{"physical_error": 1.3050786078412685e-05, "logical_error": 0.02598989082234333, "variance": 1.5220759444516687e-07},
"case4":{"physical_error": 1.077217345015942e-05, "logical_error": 0.019658884784708286, "variance": 1.1913349982080956e-07},
"case3":{"physical_error": 8.891397050194615e-06, "logical_error": 0.013530737727865333, "variance": 2.7761616182478555e-08},
"case2":{"physical_error": 7.338996338110348e-06, "logical_error": 0.009907003278759565, "variance": 2.2505750926457724e-08},
"case1":{"physical_error": 6.057638293142942e-06, "logical_error": 0.006972484829177619, "variance": 1.1216586061250561e-08},
"case0":{"physical_error": 5e-06, "logical_error": 0.0048065916364755795, "variance": 3.783021772406548e-09},
"case1100":{"physical_error": 4.127020926340092e-06, "logical_error": 0.00330989661618746, "variance": 1.352400969475874e-09},
"case900":{"physical_error": 2.8117066259517456e-06, "logical_error": 0.0015492643828424202, "variance": 5.901024302601719e-11},
"case120":{"physical_error": 4.9999999999999996e-06, "logical_error": 0.0047493571395120365, "variance": 3.112587760260525e-09},
"case100":{"physical_error": 6.057638293142942e-07, "logical_error": 7.340723167327835e-05, "variance": 1.2177759946924071e-12},
"case800":{"physical_error": 2.3207944168063893e-06, "logical_error": 0.0010796437207095972, "variance": 1.2323464397399806e-10},
"case500":{"physical_error": 1.3050786078412683e-06, "logical_error": 0.0003414319871565081, "variance": 6.834956350873155e-12},
"case000":{"physical_error": 5e-07, "logical_error": 5.150305518278054e-05, "variance": 8.257996613945219e-13},
"case400":{"physical_error": 1.0772173450159418e-06, "logical_error": 0.0002357851474448982, "variance": 4.215756207663277e-12},
"case200":{"physical_error": 7.338996338110347e-07, "logical_error": 0.00011345217304965369, "variance": 1.8121925261064516e-12},
"case1000":{"physical_error": 3.4064603452898063e-06, "logical_error": 0.002283103208044269, "variance": 5.865397544247797e-10},
"case700":{"physical_error": 1.9155934247786437e-06, "logical_error": 0.0007211321434919206, "variance": 1.8503045300791332e-11},
"case600":{"physical_error": 1.5811388300841896e-06, "logical_error": 0.0005097446691997888, "variance": 2.3789339263837556e-11},
"case300":{"physical_error": 8.891397050194613e-07, "logical_error": 0.00016128898701877278, "variance": 3.919077510339761e-12}
}