{
"case24":{"physical_error": 4.9999999999999996e-06, "logical_error": 0.28982087103661847, "variance": 7.348385228636022e-05},
"case23":{"physical_error": 4.1270209263400926e-06, "logical_error": 0.25577531121056574, "variance": 6.068722623435943e-05},
"case22":{"physical_error": 3.4064603452898055e-06, "logical_error": 0.23137264052917914, "variance": 5.153458890298973e-05},
"case21":{"physical_error": 2.811706625951745e-06, "logical_error": 0.20260728576516668, "variance": 4.0770533784521207e-05},
"case20":{"physical_error": 2.3207944168063897e-06, "logical_error": 0.18201009253627076, "variance": 3.311729073778867e-05},
"case19":{"physical_error": 1.9155934247786437e-06, "logical_error": 0.17356481316274014, "variance": 3.0054358401982575e-05},
"case18":{"physical_error": 1.5811388300841896e-06, "logical_error": 0.1477156510494813, "variance": 2.088839772511761e-05},
"case17":{"physical_error": 1.3050786078412687e-06, "logical_error": 0.13421856105507204, "variance": 1.658393597689543e-05},
"case16":{"physical_error": 1.0772173450159415e-06, "logical_error": 0.12101006055716357, "variance": 1.2918628904202286e-05},
"case15":{"physical_error": 8.891397050194613e-07, "logical_error": 0.10052117256763755, "variance": 7.695767128343508e-06},
"case14":{"physical_error": 7.338996338110349e-07, "logical_error": 0.08761162773502178, "variance": 5.61409476197637e-06},
"case13":{"physical_error": 6.057638293142941e-07, "logical_error": 0.07313546687513023, "variance": 3.6659298115113734e-06},
"case12":{"physical_error": 5e-07, "logical_error": 0.060559345792531645, "variance": 2.515081197134751e-06},
"case11":{"physical_error": 4.1270209263400914e-07, "logical_error": 0.044149701938579415, "variance": 9.635462436174158e-07},
"case10":{"physical_error": 3.4064603452898063e-07, "logical_error": 0.03374394141533359, "variance": 5.238203345498615e-07},
"case9":{"physical_error": 2.8117066259517457e-07, "logical_error": 0.02455168743260883, "variance": 2.1818349380474764e-07},
"case8":{"physical_error": 2.3207944168063892e-07, "logical_error": 0.017820326516078448, "variance": 1.0203540270287218e-07},
"case7":{"physical_error": 1.9155934247786438e-07, "logical_error": 0.012644372898685979, "variance": 4.005560545355671e-08},
"case6":{"physical_error": 1.5811388300841896e-07, "logical_error": 0.009425205872737425, "variance": 3.303499685837021e-08},
"case5":{"physical_error": 1.3050786078412684e-07, "logical_error": 0.006540472957701746, "variance": 1.3697236702555167e-08},
"case4":{"physical_error": 1.0772173450159419e-07, "logical_error": 0.004436108997256901, "variance": 4.465439842103857e-09},
"case3":{"physical_error": 8.891397050194613e-08, "logical_error": 0.0030222366264162502, "variance": 1.2206135546230153e-09},
"case2":{"physical_error": 7.338996338110346e-08, "logical_error": 0.002128467876464241, "variance": 1.0371157367000797e-09},
"case1":{"physical_error": 6.057638293142941e-08, "logical_error": 0.0014419266748309726, "variance": 2.73473168040221e-10},
"case0":{"physical_error": 5e-08, "logical_error": 0.0010002468576358668, "variance": 1.3690973408519232e-10},
"case2400":{"physical_error": 5.0000000000000004e-08, "logical_error": 0.0009749183682662926, "variance": 6.076866536548427e-11},
"case1800":{"physical_error": 1.5811388300841896e-08, "logical_error": 9.968294322705938e-05, "variance": 7.19050140469675e-13},
"case2300":{"physical_error": 4.127020926340093e-08, "logical_error": 0.0006803000991377789, "variance": 4.9246311473392926e-11},
"case2100":{"physical_error": 2.8117066259517456e-08, "logical_error": 0.00030777124737548173, "variance": 1.79102625680804e-12},
"case2200":{"physical_error": 3.406460345289806e-08, "logical_error": 0.0004602249523077306, "variance": 1.309103684790565e-11},
"case300":{"physical_error": 8.891397050194614e-10, "logical_error": 2.0892895052332274e-07, "variance": 1.8496316257108919e-16},
"case1900":{"physical_error": 1.9155934247786438e-08, "logical_error": 0.0001520336417710487, "variance": 7.61593741176678e-13},
"case1000":{"physical_error": 3.406460345289807e-09, "logical_error": 4.699358545308615e-06, "variance": 4.5034148604026175e-15},
"case000":{"physical_error": 5e-10, "logical_error": 1.5135725100676693e-07, "variance": 1.339708621773418e-16},
"case1700":{"physical_error": 1.3050786078412687e-08, "logical_error": 6.616289512832737e-05, "variance": 5.887652744094963e-14},
"case1300":{"physical_error": 6.057638293142942e-09, "logical_error": 1.3831814294327451e-05, "variance": 1.2271910626860887e-14},
"case1400":{"physical_error": 7.33899633811035e-09, "logical_error": 2.0767378745271815e-05, "variance": 1.843488010043033e-14},
"case900":{"physical_error": 2.811706625951746e-09, "logical_error": 2.979547572136083e-06, "variance": 2.639816751300037e-15},
"case100":{"physical_error": 6.057638293142942e-10, "logical_error": 1.3277655697110117e-07, "variance": 1.175307605406672e-16},
"case1500":{"physical_error": 8.891397050194614e-09, "logical_error": 3.062148765869034e-05, "variance": 2.7201865522651654e-14},
"case400":{"physical_error": 1.077217345015942e-09, "logical_error": 3.382032595923918e-07, "variance": 2.994278659657558e-16},
"case700":{"physical_error": 1.915593424778644e-09, "logical_error": 1.6651205107498541e-06, "variance": 1.4748012315531145e-15},
"case1200":{"physical_error": 5e-09, "logical_error": 9.324611584629319e-06, "variance": 1.0500890540928287e-14},
"case1100":{"physical_error": 4.127020926340092e-09, "logical_error": 6.4690715463817335e-06, "variance": 6.5701912991539815e-15},
"case500":{"physical_error": 1.3050786078412685e-09, "logical_error": 8.528346406781408e-07, "variance": 7.570734819192738e-16},
"case600":{"physical_error": 1.5811388300841898e-09, "logical_error": 8.884298867609707e-07, "variance": 8.041572798116927e-16},
"case2000":{"physical_error": 2.32079441680639e-08, "logical_error": 0.00021468545676888294, "variance": 1.5243833091403917e-12},
"case200":{"physical_error": 7.338996338110348e-10, "logical_error": 1.0622793961058485e-07, "variance": 9.403645961591716e-17},
"case1600":{"physical_error": 1.0772173450159416e-08, "logical_error": 4.755814567785394e-05, "variance": 4.2276209725532286e-14},
"case800":{"physical_error": 2.3207944168063893e-09, "logical_error": 2.319403164902253e-06, "variance": 2.1165662486180812e-15}
}