{
"case24":{"physical_error": 0.0005, "logical_error": 0.35411045518140394, "variance": 9.809371945990251e-05},
"case23":{"physical_error": 0.00041270209263400933, "logical_error": 0.32901373782597243, "variance": 8.85335627862552e-05},
"case22":{"physical_error": 0.0003406460345289806, "logical_error": 0.28189863431456985, "variance": 7.061596736931448e-05},
"case21":{"physical_error": 0.00028117066259517455, "logical_error": 0.2493974496934195, "variance": 5.8421626885334145e-05},
"case20":{"physical_error": 0.00023207944168063903, "logical_error": 0.22688291802622623, "variance": 4.99681092302794e-05},
"case19":{"physical_error": 0.00019155934247786437, "logical_error": 0.20320939373791957, "variance": 4.105353582776706e-05},
"case18":{"physical_error": 0.00015811388300841897, "logical_error": 0.1785186878026359, "variance": 3.179771833987681e-05},
"case17":{"physical_error": 0.00013050786078412687, "logical_error": 0.17020355566248097, "variance": 2.8673582351053435e-05},
"case16":{"physical_error": 0.00010772173450159417, "logical_error": 0.1505280609765539, "variance": 2.1327887311151492e-05},
"case15":{"physical_error": 8.891397050194615e-05, "logical_error": 0.14386776963279593, "variance": 1.8897999667463726e-05},
"case14":{"physical_error": 7.33899633811035e-05, "logical_error": 0.13310786595208496, "variance": 1.5102565597040774e-05},
"case13":{"physical_error": 6.0576382931429415e-05, "logical_error": 0.12460050271213, "variance": 1.246628587017926e-05},
"case12":{"physical_error": 5e-05, "logical_error": 0.11032537204203194, "variance": 8.332045245599923e-06},
"case11":{"physical_error": 4.127020926340092e-05, "logical_error": 0.10215125060928465, "variance": 7.003781153069348e-06},
"case10":{"physical_error": 3.406460345289807e-05, "logical_error": 0.08692299471004353, "variance": 4.256786404819544e-06},
"case9":{"physical_error": 2.8117066259517457e-05, "logical_error": 0.07392125156984862, "variance": 2.8709692336753235e-06},
"case8":{"physical_error": 2.3207944168063895e-05, "logical_error": 0.06105802051496031, "variance": 1.906762309845049e-06},
"case7":{"physical_error": 1.915593424778644e-05, "logical_error": 0.0475233070161391, "variance": 9.975676948352345e-07},
"case6":{"physical_error": 1.5811388300841898e-05, "logical_error": 0.03538674689461355, "variance": 4.140904563329698e-07},
"case5":{"physical_error": 1.3050786078412685e-05, "logical_error": 0.026906207466605166, "variance": 2.547390139521032e-07},
"case4":{"physical_error": 1.077217345015942e-05, "logical_error": 0.019084660343173306, "variance": 8.782388283555232e-08},
"case3":{"physical_error": 8.891397050194615e-06, "logical_error": 0.013790930351116492, "variance": 4.305675598326846e-08},
"case2":{"physical_error": 7.338996338110348e-06, "logical_error": 0.0095001473587081, "variance": 9.786939300843182e-09},
"case1":{"physical_error": 6.057638293142942e-06, "logical_error": 0.0066937380605588325, "variance": 4.246440190264052e-09},
"case0":{"physical_error": 5e-06, "logical_error": 0.004757149794234908, "variance": 3.4636111339273978e-09},
"case1000":{"physical_error": 3.4064603452898063e-06, "logical_error": 0.0022545091968776175, "variance": 4.2752214241565396e-10},
"case1200":{"physical_error": 4.9999999999999996e-06, "logical_error": 0.004779711596292049, "variance": 3.4353048359360885e-09},
"case1100":{"physical_error": 4.127020926340092e-06, "logical_error": 0.003290545915036022, "variance": 1.349764704220981e-09},
"case400":{"physical_error": 1.0772173450159418e-06, "logical_error": 0.00022811052884439109, "variance": 4.20170595835924e-12},
"case900":{"physical_error": 2.8117066259517456e-06, "logical_error": 0.0015748120160928329, "variance": 3.2437819073556433e-10},
"case000":{"physical_error": 5e-07, "logical_error": 5.023974935724359e-05, "variance": 7.199179736105699e-13},
"case700":{"physical_error": 1.9155934247786437e-06, "logical_error": 0.0007262231211776733, "variance": 3.5519645185200795e-11},
"case800":{"physical_error": 2.3207944168063893e-06, "logical_error": 0.0010671596588928145, "variance": 8.622308915508402e-11},
"case200":{"physical_error": 7.338996338110347e-07, "logical_error": 0.00010744288911905036, "variance": 1.723501035848473e-12},
"case100":{"physical_error": 6.057638293142942e-07, "logical_error": 7.090826678543503e-05, "variance": 1.0167810512668207e-12},
"case500":{"physical_error": 1.3050786078412683e-06, "logical_error": 0.00034415542918507215, "variance": 1.2381304338837474e-11},
"case300":{"physical_error": 8.891397050194613e-07, "logical_error": 0.00015548840194307774, "variance": 3.4106423077924964e-12},
"case600":{"physical_error": 1.5811388300841896e-06, "logical_error": 0.000494209046003615, "variance": 1.102229850916311e-11}
}