{
"case24":{"physical_error": 0.001, "logical_error": 0.22435918747560335, "variance": 4.9214801335785576e-05},
"case23":{"physical_error": 0.0008254041852680187, "logical_error": 0.202823925923952, "variance": 4.102017081777468e-05},
"case22":{"physical_error": 0.0006812920690579612, "logical_error": 0.18591425610573686, "variance": 3.4609224034737586e-05},
"case21":{"physical_error": 0.0005623413251903491, "logical_error": 0.16873673539663642, "variance": 2.845790697021347e-05},
"case20":{"physical_error": 0.00046415888336127806, "logical_error": 0.14103939595562126, "variance": 1.9181883290861966e-05},
"case19":{"physical_error": 0.00038311868495572875, "logical_error": 0.11961320102130212, "variance": 1.305113061239506e-05},
"case18":{"physical_error": 0.00031622776601683794, "logical_error": 0.10071278508232365, "variance": 8.82900523082985e-06},
"case17":{"physical_error": 0.00026101572156825374, "logical_error": 0.07778496897720524, "variance": 4.537327486543629e-06},
"case16":{"physical_error": 0.00021544346900318834, "logical_error": 0.06233269192977553, "variance": 2.7557462886300967e-06},
"case15":{"physical_error": 0.0001778279410038923, "logical_error": 0.04687747151103137, "variance": 1.3748716317184771e-06},
"case14":{"physical_error": 0.000146779926762207, "logical_error": 0.03549324834632159, "variance": 7.609046041499316e-07},
"case13":{"physical_error": 0.00012115276586285883, "logical_error": 0.025528463613910004, "variance": 3.3923106768929954e-07},
"case12":{"physical_error": 0.0001, "logical_error": 0.018830620767028877, "variance": 1.886928659112056e-07},
"case11":{"physical_error": 8.254041852680184e-05, "logical_error": 0.012636627201394005, "variance": 5.407156390823067e-08},
"case10":{"physical_error": 6.812920690579614e-05, "logical_error": 0.008881551384284373, "variance": 2.490574952443605e-08},
"case8":{"physical_error": 4.641588833612779e-05, "logical_error": 0.00438720830947059, "variance": 6.254043589971731e-09},
"case7":{"physical_error": 3.831186849557288e-05, "logical_error": 0.002941373483197672, "variance": 2.3018671783316316e-09},
"case9":{"physical_error": 5.6234132519034914e-05, "logical_error": 0.006082921819803995, "variance": 9.467958549356812e-09},
"case5":{"physical_error": 2.610157215682537e-05, "logical_error": 0.0013486037421173067, "variance": 2.505192678549207e-10},
"case6":{"physical_error": 3.1622776601683795e-05, "logical_error": 0.002049151966547467, "variance": 1.2969317099581014e-09},
"case4":{"physical_error": 2.154434690031884e-05, "logical_error": 0.0009220564189109866, "variance": 1.3335992208076104e-10},
"case1":{"physical_error": 1.2115276586285884e-05, "logical_error": 0.000302832489503879, "variance": 3.6888631290713925e-11},
"case2":{"physical_error": 1.4677992676220695e-05, "logical_error": 0.0004427339663436163, "variance": 6.572466595463095e-11},
"case3":{"physical_error": 1.778279410038923e-05, "logical_error": 0.0006278265693584579, "variance": 1.0062906984282161e-10},
"case0":{"physical_error": 1e-05, "logical_error": 0.000198924095328791, "variance": 2.2428057012371946e-11},
"case500":{"physical_error": 2.6101572156825365e-06, "logical_error": 1.372227169876658e-05, "variance": 1.370482838147036e-12},
"case600":{"physical_error": 3.162277660168379e-06, "logical_error": 2.058937849203392e-05, "variance": 2.0679146667718483e-12},
"case1200":{"physical_error": 9.999999999999999e-06, "logical_error": 0.00020862927110582764, "variance": 2.271918378910196e-11},
"case700":{"physical_error": 3.8311868495572874e-06, "logical_error": 3.142764597268248e-05, "variance": 3.1677854373929786e-12},
"case200":{"physical_error": 1.4677992676220694e-06, "logical_error": 4.409400842596415e-06, "variance": 4.418821770611359e-13},
"case900":{"physical_error": 5.623413251903491e-06, "logical_error": 6.529276041433432e-05, "variance": 6.647360801353959e-12},
"case800":{"physical_error": 4.6415888336127786e-06, "logical_error": 4.5389050920910983e-05, "variance": 4.582813967703754e-12},
"case000":{"physical_error": 1e-06, "logical_error": 2.7146979384554233e-06, "variance": 2.708693581351276e-13},
"case1100":{"physical_error": 8.254041852680183e-06, "logical_error": 0.00013794339576162022, "variance": 1.4511019486973226e-11},
"case300":{"physical_error": 1.7782794100389227e-06, "logical_error": 6.346714515626813e-06, "variance": 6.341291823387239e-13},
"case1000":{"physical_error": 6.812920690579613e-06, "logical_error": 9.889730223413267e-05, "variance": 1.0503560374066501e-11},
"case100":{"physical_error": 1.2115276586285884e-06, "logical_error": 2.8048833018284833e-06, "variance": 2.809775120312948e-13},
"case400":{"physical_error": 2.1544346900318835e-06, "logical_error": 1.0172344892964011e-05, "variance": 1.017986673310893e-12}
}