{
"case24":{"physical_error": 9.999999999999999e-05, "logical_error": 0.3284174344016111, "variance": 8.8070881485527e-05},
"case23":{"physical_error": 8.254041852680186e-05, "logical_error": 0.28357539989616887, "variance": 7.125721975149723e-05},
"case22":{"physical_error": 6.812920690579611e-05, "logical_error": 0.2467616801262406, "variance": 5.739220536413341e-05},
"case21":{"physical_error": 5.623413251903491e-05, "logical_error": 0.22684685697053053, "variance": 4.9923547685786185e-05},
"case20":{"physical_error": 4.64158883361278e-05, "logical_error": 0.205449050583492, "variance": 4.189192965692174e-05},
"case19":{"physical_error": 3.831186849557287e-05, "logical_error": 0.1820720348787503, "variance": 3.3124041811825876e-05},
"case18":{"physical_error": 3.162277660168379e-05, "logical_error": 0.1637535341703527, "variance": 2.628169661817211e-05},
"case17":{"physical_error": 2.6101572156825373e-05, "logical_error": 0.15319799983575916, "variance": 2.240318529022309e-05},
"case16":{"physical_error": 2.154434690031883e-05, "logical_error": 0.1446317973764728, "variance": 1.9407889440348706e-05},
"case15":{"physical_error": 1.778279410038923e-05, "logical_error": 0.13238150023672296, "variance": 1.5365422973987747e-05},
"case14":{"physical_error": 1.4677992676220699e-05, "logical_error": 0.12097056865340533, "variance": 1.2148657607841716e-05},
"case13":{"physical_error": 1.211527658628588e-05, "logical_error": 0.10058224713366683, "variance": 6.757705027338553e-06},
"case12":{"physical_error": 9.999999999999999e-06, "logical_error": 0.09251335702802868, "variance": 6.079153818415628e-06},
"case11":{"physical_error": 8.254041852680183e-06, "logical_error": 0.07525562170187018, "variance": 3.398429747488992e-06},
"case10":{"physical_error": 6.812920690579613e-06, "logical_error": 0.06132249602279795, "variance": 2.090201707333267e-06},
"case9":{"physical_error": 5.623413251903491e-06, "logical_error": 0.045763276365265934, "variance": 8.048479955496791e-07},
"case8":{"physical_error": 4.6415888336127786e-06, "logical_error": 0.034992559065275236, "variance": 4.1745847979071555e-07},
"case7":{"physical_error": 3.8311868495572874e-06, "logical_error": 0.026807273331989213, "variance": 2.76911589185237e-07},
"case6":{"physical_error": 3.162277660168379e-06, "logical_error": 0.019447780071479733, "variance": 1.3004255819455379e-07},
"case4":{"physical_error": 2.1544346900318835e-06, "logical_error": 0.009831719879603469, "variance": 2.6780518429404658e-08},
"case3":{"physical_error": 1.7782794100389227e-06, "logical_error": 0.00669825759164193, "variance": 6.639988340799111e-09},
"case5":{"physical_error": 2.6101572156825365e-06, "logical_error": 0.013796497419846907, "variance": 5.500006045487799e-08},
"case1":{"physical_error": 1.2115276586285884e-06, "logical_error": 0.003198182203991888, "variance": 4.870727212745105e-10},
"case0":{"physical_error": 1e-06, "logical_error": 0.0022211849970071515, "variance": 4.782019562016421e-10},
"case2":{"physical_error": 1.4677992676220694e-06, "logical_error": 0.004721007629360415, "variance": 4.336893834904273e-09},
"case1200":{"physical_error": 1e-06, "logical_error": 0.002224576176927949, "variance": 3.9066367080698555e-10},
"case1100":{"physical_error": 8.254041852680183e-07, "logical_error": 0.0015259177777225976, "variance": 1.1248053722058449e-10},
"case1000":{"physical_error": 6.812920690579613e-07, "logical_error": 0.0010545504620762618, "variance": 5.782876857557671e-11},
"case800":{"physical_error": 4.6415888336127784e-07, "logical_error": 0.0004881095998206921, "variance": 1.7695465798879006e-11},
"case100":{"physical_error": 1.2115276586285883e-07, "logical_error": 3.4174875920840954e-05, "variance": 1.6323160645770442e-13},
"case600":{"physical_error": 3.162277660168379e-07, "logical_error": 0.0002276092446427961, "variance": 2.683934288361624e-12},
"case500":{"physical_error": 2.610157215682537e-07, "logical_error": 0.00015575086818621185, "variance": 1.1293793876554266e-12},
"case000":{"physical_error": 1e-07, "logical_error": 2.3445194744781797e-05, "variance": 1.1192774518850417e-13},
"case300":{"physical_error": 1.7782794100389227e-07, "logical_error": 7.270045588447643e-05, "variance": 4.3875411862802825e-13},
"case700":{"physical_error": 3.8311868495572876e-07, "logical_error": 0.0003359956189287438, "variance": 1.615758636600968e-12},
"case400":{"physical_error": 2.1544346900318838e-07, "logical_error": 0.00010554740073725176, "variance": 5.053644439480136e-13},
"case200":{"physical_error": 1.4677992676220693e-07, "logical_error": 5.0323649113303885e-05, "variance": 2.8013098739479777e-13},
"case900":{"physical_error": 5.623413251903491e-07, "logical_error": 0.0007227467261160056, "variance": 1.9809037565177565e-11}
}