{
"case24":{"physical_error": 0.001, "logical_error": 0.19718602040919164, "variance": 3.862011440531162e-05},
"case23":{"physical_error": 0.0008254041852680187, "logical_error": 0.16866187510046, "variance": 2.8582686911863174e-05},
"case22":{"physical_error": 0.0006812920690579612, "logical_error": 0.14438504065353158, "variance": 2.0950580513251938e-05},
"case21":{"physical_error": 0.0005623413251903491, "logical_error": 0.11688506162311584, "variance": 1.3660707968163504e-05},
"case20":{"physical_error": 0.00046415888336127806, "logical_error": 0.09070343560030686, "variance": 8.026009768424595e-06},
"case19":{"physical_error": 0.00038311868495572875, "logical_error": 0.06609590055057193, "variance": 4.008411458735908e-06},
"case18":{"physical_error": 0.00031622776601683794, "logical_error": 0.04895251523021688, "variance": 2.084192339816906e-06},
"case17":{"physical_error": 0.00026101572156825374, "logical_error": 0.035153548335088644, "variance": 1.006344724622689e-06},
"case16":{"physical_error": 0.00021544346900318834, "logical_error": 0.023682568458638142, "variance": 3.741354810642604e-07},
"case15":{"physical_error": 0.0001778279410038923, "logical_error": 0.01710086984437561, "variance": 1.891750449625542e-07},
"case14":{"physical_error": 0.000146779926762207, "logical_error": 0.011680794955935799, "variance": 7.817218699583998e-08},
"case13":{"physical_error": 0.00012115276586285883, "logical_error": 0.007929148188080921, "variance": 3.0423072474355315e-08},
"case12":{"physical_error": 0.0001, "logical_error": 0.00556897641198676, "variance": 1.5135056835686895e-08},
"case11":{"physical_error": 8.254041852680184e-05, "logical_error": 0.0037549768531967816, "variance": 5.383660508501997e-09},
"case10":{"physical_error": 6.812920690579614e-05, "logical_error": 0.002585527409088805, "variance": 2.478309054102364e-09},
"case9":{"physical_error": 5.6234132519034914e-05, "logical_error": 0.0016949497636184335, "variance": 8.858900748707941e-10},
"case6":{"physical_error": 3.1622776601683795e-05, "logical_error": 0.0005390246800980555, "variance": 9.807870202497682e-11},
"case7":{"physical_error": 3.831186849557288e-05, "logical_error": 0.0008087133657083827, "variance": 2.14108308206727e-10},
"case5":{"physical_error": 2.610157215682537e-05, "logical_error": 0.00037214275523276375, "variance": 5.273712380191649e-11},
"case8":{"physical_error": 4.641588833612779e-05, "logical_error": 0.0011875177940111178, "variance": 4.801365566825654e-10},
"case3":{"physical_error": 1.778279410038923e-05, "logical_error": 0.00017624810552179288, "variance": 1.9747344677740497e-11},
"case2":{"physical_error": 1.4677992676220695e-05, "logical_error": 0.00012001475079246191, "variance": 1.2603129685037722e-11},
"case0":{"physical_error": 1e-05, "logical_error": 5.2882607351168266e-05, "variance": 5.417783640374291e-12},
"case4":{"physical_error": 2.154434690031884e-05, "logical_error": 0.0002511294566727112, "variance": 3.342057730085373e-11},
"case1":{"physical_error": 1.2115276586285884e-05, "logical_error": 7.936836519525372e-05, "variance": 8.327333991010415e-12},
"case900":{"physical_error": 5.623413251903491e-06, "logical_error": 1.842287991661825e-05, "variance": 1.850079588446268e-12},
"case500":{"physical_error": 2.6101572156825365e-06, "logical_error": 3.6613351894691445e-06, "variance": 3.6389434600498544e-13},
"case1000":{"physical_error": 6.812920690579613e-06, "logical_error": 2.4309959052279514e-05, "variance": 2.4532566009933236e-12},
"case1200":{"physical_error": 9.999999999999999e-06, "logical_error": 5.344917360484539e-05, "variance": 5.5983019342411e-12},
"case700":{"physical_error": 3.8311868495572874e-06, "logical_error": 8.042053342667907e-06, "variance": 8.02129939873261e-13},
"case1100":{"physical_error": 8.254041852680183e-06, "logical_error": 3.814587786004765e-05, "variance": 3.874731111586183e-12},
"case000":{"physical_error": 1e-06, "logical_error": 8.011127456036434e-07, "variance": 8.0222703896076e-14},
"case600":{"physical_error": 3.162277660168379e-06, "logical_error": 6.554576368759019e-06, "variance": 6.565615553656191e-13},
"case400":{"physical_error": 2.1544346900318835e-06, "logical_error": 3.2226373250599954e-06, "variance": 3.2210535628859463e-13},
"case200":{"physical_error": 1.4677992676220694e-06, "logical_error": 1.302746188966341e-06, "variance": 1.3054981791279427e-13},
"case300":{"physical_error": 1.7782794100389227e-06, "logical_error": 2.630801589626234e-06, "variance": 2.616148217601709e-13},
"case800":{"physical_error": 4.6415888336127786e-06, "logical_error": 1.215747557807613e-05, "variance": 1.2190858363708638e-12},
"case100":{"physical_error": 1.2115276586285884e-06, "logical_error": 5.008870710027458e-07, "variance": 5.0177571579541955e-14}
}