{
"case24":{"physical_error": 9.999999999999999e-05, "logical_error": 0.15411762549436847, "variance": 1.954500751141747e-05},
"case23":{"physical_error": 8.254041852680186e-05, "logical_error": 0.10673243954070118, "variance": 1.0137621207230361e-05},
"case22":{"physical_error": 6.812920690579611e-05, "logical_error": 0.07264999334863552, "variance": 4.917044323837918e-06},
"case21":{"physical_error": 5.623413251903491e-05, "logical_error": 0.048776276010596385, "variance": 2.3224347016617453e-06},
"case20":{"physical_error": 4.64158883361278e-05, "logical_error": 0.030559925066753806, "variance": 9.416107565717361e-07},
"case19":{"physical_error": 3.831186849557287e-05, "logical_error": 0.020830285262401806, "variance": 4.378570679313038e-07},
"case18":{"physical_error": 3.162277660168379e-05, "logical_error": 0.013402018405071346, "variance": 1.8062579447006756e-07},
"case17":{"physical_error": 2.6101572156825373e-05, "logical_error": 0.008552353055383898, "variance": 7.068065319020918e-08},
"case16":{"physical_error": 2.154434690031883e-05, "logical_error": 0.005954021699113835, "variance": 3.495498606585009e-08},
"case15":{"physical_error": 1.778279410038923e-05, "logical_error": 0.0038771224422194566, "variance": 1.3971527984167569e-08},
"case14":{"physical_error": 1.4677992676220699e-05, "logical_error": 0.002501860635835138, "variance": 5.38785936126499e-09},
"case13":{"physical_error": 1.211527658628588e-05, "logical_error": 0.001632244570597975, "variance": 2.1535416416509626e-09},
"case12":{"physical_error": 9.999999999999999e-06, "logical_error": 0.0010781566551930956, "variance": 8.493397338717895e-10},
"case11":{"physical_error": 8.254041852680183e-06, "logical_error": 0.0006953762990596376, "variance": 2.9510033945690377e-10},
"case10":{"physical_error": 6.812920690579613e-06, "logical_error": 0.00044439965345271235, "variance": 8.024599855777404e-11},
"case9":{"physical_error": 5.623413251903491e-06, "logical_error": 0.0002954120009822287, "variance": 3.6700523714289495e-11},
"case8":{"physical_error": 4.6415888336127786e-06, "logical_error": 0.0002103968326693103, "variance": 2.172444481747182e-11},
"case7":{"physical_error": 3.8311868495572874e-06, "logical_error": 0.0001372504549462564, "variance": 6.704754037667692e-12},
"case5":{"physical_error": 2.6101572156825365e-06, "logical_error": 6.318815210628071e-05, "variance": 1.4111232892494155e-12},
"case6":{"physical_error": 3.162277660168379e-06, "logical_error": 9.460391848849556e-05, "variance": 3.047314114966911e-12},
"case3":{"physical_error": 1.7782794100389227e-06, "logical_error": 2.881424385809467e-05, "variance": 3.1997763885548646e-13},
"case4":{"physical_error": 2.1544346900318835e-06, "logical_error": 3.913791418559467e-05, "variance": 4.180256858807438e-13},
"case2":{"physical_error": 1.4677992676220694e-06, "logical_error": 1.9863336770744957e-05, "variance": 1.849983503426386e-13},
"case0":{"physical_error": 1e-06, "logical_error": 9.413514288777434e-06, "variance": 5.774035737347941e-14},
"case1":{"physical_error": 1.2115276586285884e-06, "logical_error": 1.310913940312467e-05, "variance": 7.375512062549685e-14},
"case1200":{"physical_error": 1e-06, "logical_error": 9.403502894535815e-06, "variance": 5.6634959865529367e-14},
"case1000":{"physical_error": 6.812920690579613e-07, "logical_error": 3.322432460984226e-06, "variance": 1.6524647126322116e-14},
"case600":{"physical_error": 3.162277660168379e-07, "logical_error": 8.4011728037234e-07, "variance": 4.033125970172668e-15},
"case800":{"physical_error": 4.6415888336127784e-07, "logical_error": 1.7424623187915323e-06, "variance": 8.673757986231389e-15},
"case400":{"physical_error": 2.1544346900318838e-07, "logical_error": 3.6414684892792744e-07, "variance": 1.7228123104134145e-15},
"case500":{"physical_error": 2.610157215682537e-07, "logical_error": 3.380059192364796e-07, "variance": 1.612390766411622e-15},
"case700":{"physical_error": 3.8311868495572876e-07, "logical_error": 1.7039788221301487e-06, "variance": 8.242248693801562e-15},
"case300":{"physical_error": 1.7782794100389227e-07, "logical_error": 1.8998971937851455e-07, "variance": 9.043181789152488e-16},
"case1100":{"physical_error": 8.254041852680183e-07, "logical_error": 6.06436160388066e-06, "variance": 3.231013908998865e-14},
"case000":{"physical_error": 1e-07, "logical_error": 8.7469316065704e-08, "variance": 4.116452211716274e-16},
"case900":{"physical_error": 5.623413251903491e-07, "logical_error": 2.597249070595331e-06, "variance": 1.305964354417507e-14},
"case100":{"physical_error": 1.2115276586285883e-07, "logical_error": 2.2921611523145833e-09, "variance": 2.845918170905179e-18},
"case200":{"physical_error": 1.4677992676220693e-07, "logical_error": 3.037432344570839e-07, "variance": 1.4462486289675034e-15}
}