{
"case24":{"physical_error": 0.0005, "logical_error": 0.35999528818142157, "variance": 0.00010054562815308174},
"case23":{"physical_error": 0.00041270209263400933, "logical_error": 0.3351019297114801, "variance": 9.072200061075117e-05},
"case22":{"physical_error": 0.0003406460345289806, "logical_error": 0.2781933142355801, "variance": 6.92482871808453e-05},
"case21":{"physical_error": 0.00028117066259517455, "logical_error": 0.25685951124084044, "variance": 6.12125960224606e-05},
"case20":{"physical_error": 0.00023207944168063903, "logical_error": 0.23228135781232884, "variance": 5.197953552677238e-05},
"case19":{"physical_error": 0.00019155934247786437, "logical_error": 0.2076477592075185, "variance": 4.268203926373564e-05},
"case18":{"physical_error": 0.00015811388300841897, "logical_error": 0.1772789575643035, "variance": 3.1385661485300595e-05},
"case17":{"physical_error": 0.00013050786078412687, "logical_error": 0.1574511589436406, "variance": 2.417864509671999e-05},
"case16":{"physical_error": 0.00010772173450159417, "logical_error": 0.14481430385926178, "variance": 1.9991368477734597e-05},
"case15":{"physical_error": 8.891397050194615e-05, "logical_error": 0.12100851833745702, "variance": 1.2598730508278885e-05},
"case14":{"physical_error": 7.33899633811035e-05, "logical_error": 0.11101966034337077, "variance": 1.069043317975017e-05},
"case13":{"physical_error": 6.0576382931429415e-05, "logical_error": 0.08991542157007529, "variance": 6.207028104839822e-06},
"case12":{"physical_error": 5e-05, "logical_error": 0.07797381336888667, "variance": 4.876532464425505e-06},
"case11":{"physical_error": 4.127020926340092e-05, "logical_error": 0.06121775727850772, "variance": 2.833787601609198e-06},
"case10":{"physical_error": 3.406460345289807e-05, "logical_error": 0.044822260294599583, "variance": 1.2811164670855097e-06},
"case9":{"physical_error": 2.8117066259517457e-05, "logical_error": 0.03190340633571695, "variance": 4.973781089957376e-07},
"case8":{"physical_error": 2.3207944168063895e-05, "logical_error": 0.02376695709478441, "variance": 2.7463610781335724e-07},
"case7":{"physical_error": 1.915593424778644e-05, "logical_error": 0.01675757133336518, "variance": 1.172366114448346e-07},
"case6":{"physical_error": 1.5811388300841898e-05, "logical_error": 0.01147059371478806, "variance": 3.5413485295004946e-08},
"case5":{"physical_error": 1.3050786078412685e-05, "logical_error": 0.008261447298139414, "variance": 2.2041082382134734e-08},
"case4":{"physical_error": 1.077217345015942e-05, "logical_error": 0.005715719520736212, "variance": 8.23858004225407e-09},
"case3":{"physical_error": 8.891397050194615e-06, "logical_error": 0.003927035510239192, "variance": 3.3988067937345924e-09},
"case0":{"physical_error": 5e-06, "logical_error": 0.001276795600237514, "variance": 2.3886987743720375e-10},
"case1":{"physical_error": 6.057638293142942e-06, "logical_error": 0.0018140257025900893, "variance": 3.3635652541728273e-10},
"case2":{"physical_error": 7.338996338110348e-06, "logical_error": 0.0026864494084124233, "variance": 1.225188792503765e-09},
"case1200":{"physical_error": 4.9999999999999996e-06, "logical_error": 0.001271916322739111, "variance": 2.440737966849626e-10},
"case1100":{"physical_error": 4.127020926340092e-06, "logical_error": 0.000856267510336062, "variance": 8.133952583513457e-11},
"case600":{"physical_error": 1.5811388300841896e-06, "logical_error": 0.00012718743835366366, "variance": 2.5951586915085327e-12},
"case900":{"physical_error": 2.8117066259517456e-06, "logical_error": 0.0003972301789072173, "variance": 1.3122492763351812e-11},
"case400":{"physical_error": 1.0772173450159418e-06, "logical_error": 6.0407477988512946e-05, "variance": 8.686178045543147e-13},
"case100":{"physical_error": 6.057638293142942e-07, "logical_error": 1.8434596990430045e-05, "variance": 2.6968531761661353e-13},
"case500":{"physical_error": 1.3050786078412683e-06, "logical_error": 8.75483652868962e-05, "variance": 1.3836069263193917e-12},
"case000":{"physical_error": 5e-07, "logical_error": 1.2179700737588348e-05, "variance": 1.7452365889083546e-13},
"case200":{"physical_error": 7.338996338110347e-07, "logical_error": 2.6456248624461587e-05, "variance": 3.7957325991286635e-13},
"case700":{"physical_error": 1.9155934247786437e-06, "logical_error": 0.00018946608447941525, "variance": 4.963042205163436e-12},
"case1000":{"physical_error": 3.4064603452898063e-06, "logical_error": 0.000596687778301985, "variance": 4.7050422584450866e-11},
"case300":{"physical_error": 8.891397050194613e-07, "logical_error": 4.106796746067128e-05, "variance": 6.134674153109569e-13},
"case800":{"physical_error": 2.3207944168063893e-06, "logical_error": 0.00028261613717184297, "variance": 7.69435984274739e-12}
}