{
"case24":{"physical_error": 0.0005, "logical_error": 0.3584371048912899, "variance": 9.980845770137583e-05},
"case23":{"physical_error": 0.00041270209263400933, "logical_error": 0.31756964120803916, "variance": 8.404214079878536e-05},
"case22":{"physical_error": 0.0003406460345289806, "logical_error": 0.2727618919588865, "variance": 6.702088190817189e-05},
"case21":{"physical_error": 0.00028117066259517455, "logical_error": 0.24340273114295627, "variance": 5.578626502159168e-05},
"case20":{"physical_error": 0.00023207944168063903, "logical_error": 0.2233161152296682, "variance": 4.803283076715868e-05},
"case19":{"physical_error": 0.00019155934247786437, "logical_error": 0.19141366534722043, "variance": 3.629041666815516e-05},
"case18":{"physical_error": 0.00015811388300841897, "logical_error": 0.15172312763559542, "variance": 2.298897871962302e-05},
"case17":{"physical_error": 0.00013050786078412687, "logical_error": 0.12838900825244487, "variance": 1.630544233329171e-05},
"case16":{"physical_error": 0.00010772173450159417, "logical_error": 0.10067374950211944, "variance": 9.646317728235458e-06},
"case15":{"physical_error": 8.891397050194615e-05, "logical_error": 0.07252551173060087, "variance": 4.36758212044457e-06},
"case14":{"physical_error": 7.33899633811035e-05, "logical_error": 0.05904741533680619, "variance": 2.9572636369443806e-06},
"case13":{"physical_error": 6.0576382931429415e-05, "logical_error": 0.044101530976863895, "variance": 1.5746484359374666e-06},
"case12":{"physical_error": 5e-05, "logical_error": 0.03151907007095923, "variance": 7.304638953986992e-07},
"case11":{"physical_error": 4.127020926340092e-05, "logical_error": 0.022031713332016808, "variance": 3.1185335246708717e-07},
"case10":{"physical_error": 3.406460345289807e-05, "logical_error": 0.015359490066350632, "variance": 1.346692626132446e-07},
"case9":{"physical_error": 2.8117066259517457e-05, "logical_error": 0.010983438563171714, "variance": 7.021680190174347e-08},
"case8":{"physical_error": 2.3207944168063895e-05, "logical_error": 0.007276020092681695, "variance": 2.264154409173937e-08},
"case7":{"physical_error": 1.915593424778644e-05, "logical_error": 0.0051258376590419714, "variance": 1.1687119309909825e-08},
"case6":{"physical_error": 1.5811388300841898e-05, "logical_error": 0.003418765584277591, "variance": 3.4741245192234104e-09},
"case5":{"physical_error": 1.3050786078412685e-05, "logical_error": 0.0023902334299349052, "variance": 1.995445005307191e-09},
"case4":{"physical_error": 1.077217345015942e-05, "logical_error": 0.0016265655929082966, "variance": 7.682564999724113e-10},
"case2":{"physical_error": 7.338996338110348e-06, "logical_error": 0.0007656753719051767, "variance": 1.8505632224652142e-10},
"case3":{"physical_error": 8.891397050194615e-06, "logical_error": 0.0010831662597408102, "variance": 2.3876064458651375e-10},
"case0":{"physical_error": 5e-06, "logical_error": 0.0003355895664531075, "variance": 1.931264718954037e-11},
"case1":{"physical_error": 6.057638293142942e-06, "logical_error": 0.0005102099783024297, "variance": 4.987957711509918e-11},
"case1100":{"physical_error": 4.127020926340092e-06, "logical_error": 0.0002347205236151982, "variance": 8.498138209977588e-12},
"case1200":{"physical_error": 4.9999999999999996e-06, "logical_error": 0.00033989355957866874, "variance": 1.4159943432434323e-11},
"case800":{"physical_error": 2.3207944168063893e-06, "logical_error": 7.551195313253838e-05, "variance": 1.3251527034064043e-12},
"case1000":{"physical_error": 3.4064603452898063e-06, "logical_error": 0.00016091169014933505, "variance": 4.282621564640224e-12},
"case900":{"physical_error": 2.8117066259517456e-06, "logical_error": 0.00010592418719324751, "variance": 1.7109869205296732e-12},
"case300":{"physical_error": 8.891397050194613e-07, "logical_error": 1.0875332526808247e-05, "variance": 1.588741059965756e-13},
"case100":{"physical_error": 6.057638293142942e-07, "logical_error": 4.213436997464277e-06, "variance": 6.074211493486636e-14},
"case700":{"physical_error": 1.9155934247786437e-06, "logical_error": 5.26944147757241e-05, "variance": 8.878308671165898e-13},
"case400":{"physical_error": 1.0772173450159418e-06, "logical_error": 1.657991092863463e-05, "variance": 2.3841582515304247e-13},
"case000":{"physical_error": 5e-07, "logical_error": 3.2032724414631925e-06, "variance": 4.607597261163017e-14},
"case600":{"physical_error": 1.5811388300841896e-06, "logical_error": 3.381751391326492e-05, "variance": 5.055789540950937e-13},
"case200":{"physical_error": 7.338996338110347e-07, "logical_error": 7.616841344551506e-06, "variance": 1.0960663495246144e-13},
"case500":{"physical_error": 1.3050786078412683e-06, "logical_error": 2.3361410562740122e-05, "variance": 3.685149454623372e-13}
}