{
"case24":{"physical_error": 4.9999999999999996e-05, "logical_error": 0.5668243986032591, "variance": 0.00017876620811433657},
"case23":{"physical_error": 4.127020926340093e-05, "logical_error": 0.46367929336607594, "variance": 0.00013807628692844232},
"case22":{"physical_error": 3.4064603452898055e-05, "logical_error": 0.4210636064036803, "variance": 0.00012107186405135411},
"case21":{"physical_error": 2.8117066259517454e-05, "logical_error": 0.3458632261110921, "variance": 9.205717665495923e-05},
"case20":{"physical_error": 2.32079441680639e-05, "logical_error": 0.27781993597945187, "variance": 6.63769865709733e-05},
"case19":{"physical_error": 1.9155934247786435e-05, "logical_error": 0.25709287605202036, "variance": 5.7468307040893395e-05},
"case18":{"physical_error": 1.5811388300841894e-05, "logical_error": 0.2006894418367965, "variance": 3.779048849654191e-05},
"case17":{"physical_error": 1.3050786078412686e-05, "logical_error": 0.14927001826126396, "variance": 2.20550934173556e-05},
"case16":{"physical_error": 1.0772173450159415e-05, "logical_error": 0.12605067996264793, "variance": 1.5773960313422827e-05},
"case15":{"physical_error": 8.891397050194615e-06, "logical_error": 0.08951311429903332, "variance": 7.981837548838686e-06},
"case14":{"physical_error": 7.338996338110349e-06, "logical_error": 0.06922418737578735, "variance": 4.762604037574007e-06},
"case13":{"physical_error": 6.05763829314294e-06, "logical_error": 0.04538259785012662, "variance": 1.8997145131654842e-06},
"case12":{"physical_error": 4.9999999999999996e-06, "logical_error": 0.033762985994869536, "variance": 1.0352985045855943e-06},
"case11":{"physical_error": 4.127020926340092e-06, "logical_error": 0.022866735321662536, "variance": 4.340694079009398e-07},
"case10":{"physical_error": 3.4064603452898063e-06, "logical_error": 0.015901948826450657, "variance": 1.9695421954846387e-07},
"case9":{"physical_error": 2.8117066259517456e-06, "logical_error": 0.01080104479733397, "variance": 8.29233688189943e-08},
"case8":{"physical_error": 2.3207944168063893e-06, "logical_error": 0.007220728883772544, "variance": 3.1011567344843416e-08},
"case7":{"physical_error": 1.9155934247786437e-06, "logical_error": 0.004958095326021134, "variance": 1.3761172928442187e-08},
"case6":{"physical_error": 1.5811388300841896e-06, "logical_error": 0.0034095948018957223, "variance": 6.128545070767534e-09},
"case5":{"physical_error": 1.3050786078412683e-06, "logical_error": 0.002259408373588289, "variance": 2.210826141448751e-09},
"case4":{"physical_error": 1.0772173450159418e-06, "logical_error": 0.0014993271968522454, "variance": 6.509971892107103e-10},
"case3":{"physical_error": 8.891397050194613e-07, "logical_error": 0.001035642292122437, "variance": 3.456446427829168e-10},
"case1":{"physical_error": 6.057638293142942e-07, "logical_error": 0.000479763028829415, "variance": 5.043922427179017e-11},
"case2":{"physical_error": 7.338996338110347e-07, "logical_error": 0.0007107544861351127, "variance": 1.3337755256827832e-10},
"case0":{"physical_error": 5e-07, "logical_error": 0.0003301650007163443, "variance": 2.93038948813714e-11},
"case2400":{"physical_error": 5e-07, "logical_error": 0.0003245547023505457, "variance": 2.5073467279021587e-11},
"case2300":{"physical_error": 4.127020926340093e-07, "logical_error": 0.00022244488927593612, "variance": 8.348861009969304e-12},
"case2200":{"physical_error": 3.406460345289806e-07, "logical_error": 0.00015187554520687492, "variance": 4.712339431877025e-12},
"case2100":{"physical_error": 2.8117066259517457e-07, "logical_error": 0.00010435302804627127, "variance": 2.7401646913774234e-12},
"case1700":{"physical_error": 1.3050786078412687e-07, "logical_error": 2.151322352365286e-05, "variance": 5.4835743381301377e-14},
"case1900":{"physical_error": 1.9155934247786438e-07, "logical_error": 4.759998163194249e-05, "variance": 2.3804125757867616e-13},
"case1800":{"physical_error": 1.5811388300841896e-07, "logical_error": 3.0593750506624875e-05, "variance": 2.0973003454379132e-13},
"case1500":{"physical_error": 8.891397050194615e-08, "logical_error": 9.86909076424924e-06, "variance": 2.1002399604397176e-14},
"case1400":{"physical_error": 7.338996338110349e-08, "logical_error": 7.339484984484452e-06, "variance": 1.5055010480181946e-14},
"case2000":{"physical_error": 2.32079441680639e-07, "logical_error": 6.94568959942711e-05, "variance": 7.230812129911462e-13},
"case1600":{"physical_error": 1.0772173450159416e-07, "logical_error": 1.5763807371333747e-05, "variance": 4.4169548505252815e-14},
"case000":{"physical_error": 5e-09, "logical_error": 0.0, "variance": 0.0},
"case600":{"physical_error": 1.58113883008419e-08, "logical_error": 2.8675683480005524e-07, "variance": 5.63215632222919e-16},
"case1300":{"physical_error": 6.057638293142941e-08, "logical_error": 5.42910495309109e-06, "variance": 1.1180448780028072e-14},
"case1000":{"physical_error": 3.4064603452898065e-08, "logical_error": 1.2081767672015348e-06, "variance": 2.377347069715882e-15},
"case300":{"physical_error": 8.891397050194614e-09, "logical_error": 1.2953598972002387e-07, "variance": 2.542359489810019e-16},
"case200":{"physical_error": 7.3389963381103475e-09, "logical_error": 0.0, "variance": 0.0},
"case1100":{"physical_error": 4.127020926340092e-08, "logical_error": 2.0471210258065225e-06, "variance": 4.285930510929004e-15},
"case1200":{"physical_error": 5e-08, "logical_error": 3.166742064768095e-06, "variance": 6.774110628887589e-15},
"case900":{"physical_error": 2.8117066259517456e-08, "logical_error": 9.930391495164382e-07, "variance": 1.9527262425194667e-15},
"case100":{"physical_error": 6.057638293142942e-09, "logical_error": 0.0, "variance": 0.0},
"case800":{"physical_error": 2.3207944168063894e-08, "logical_error": 4.441619364894419e-07, "variance": 8.729195833011108e-16},
"case700":{"physical_error": 1.915593424778644e-08, "logical_error": 5.343742944589393e-07, "variance": 1.0498378183032692e-15},
"case400":{"physical_error": 1.077217345015942e-08, "logical_error": 2.106162289972726e-07, "variance": 4.1266908542185676e-16},
"case500":{"physical_error": 1.3050786078412684e-08, "logical_error": 2.1008122879063108e-07, "variance": 4.124684363568363e-16}
}