{
"case24":{"physical_error": 0.001, "logical_error": 0.129485580779711, "variance": 1.667961000692339e-05},
"case23":{"physical_error": 0.0008254041852680187, "logical_error": 0.09652922340887729, "variance": 9.392470590719925e-06},
"case22":{"physical_error": 0.0006812920690579612, "logical_error": 0.07336520321859115, "variance": 5.4456087632400285e-06},
"case21":{"physical_error": 0.0005623413251903491, "logical_error": 0.04787594261439398, "variance": 2.2823087067821983e-06},
"case20":{"physical_error": 0.00046415888336127806, "logical_error": 0.032653225058522174, "variance": 1.0239338560184535e-06},
"case19":{"physical_error": 0.00038311868495572875, "logical_error": 0.02321322055325524, "variance": 5.125130268609134e-07},
"case18":{"physical_error": 0.00031622776601683794, "logical_error": 0.015869665356063843, "variance": 2.27800512079343e-07},
"case17":{"physical_error": 0.00026101572156825374, "logical_error": 0.010038997651265289, "variance": 7.724538734107558e-08},
"case16":{"physical_error": 0.00021544346900318834, "logical_error": 0.006386014620436479, "variance": 2.404325215108948e-08},
"case15":{"physical_error": 0.0001778279410038923, "logical_error": 0.004601651213074189, "variance": 1.3323852917623118e-08},
"case14":{"physical_error": 0.000146779926762207, "logical_error": 0.0030105803913010715, "variance": 4.874719049317557e-09},
"case13":{"physical_error": 0.00012115276586285883, "logical_error": 0.002152990541786785, "variance": 2.733964630634428e-09},
"case12":{"physical_error": 0.0001, "logical_error": 0.0014577046637271722, "variance": 1.3159703252473796e-09},
"case11":{"physical_error": 8.254041852680184e-05, "logical_error": 0.0009494251092678292, "variance": 4.753530286350584e-10},
"case10":{"physical_error": 6.812920690579614e-05, "logical_error": 0.0006110888084425614, "variance": 1.5171134544531354e-10},
"case9":{"physical_error": 5.6234132519034914e-05, "logical_error": 0.0004169749664800286, "variance": 8.89056182595427e-11},
"case7":{"physical_error": 3.831186849557288e-05, "logical_error": 0.000197098860277636, "variance": 2.9258871195249294e-11},
"case8":{"physical_error": 4.641588833612779e-05, "logical_error": 0.0002781573110115244, "variance": 3.937374891834135e-11},
"case6":{"physical_error": 3.1622776601683795e-05, "logical_error": 0.00013424385865401782, "variance": 1.7653206006019704e-11},
"case5":{"physical_error": 2.610157215682537e-05, "logical_error": 9.634350190622349e-05, "variance": 1.146609391448592e-11},
"case4":{"physical_error": 2.154434690031884e-05, "logical_error": 6.16289287254794e-05, "variance": 6.506136970972945e-12},
"case3":{"physical_error": 1.778279410038923e-05, "logical_error": 4.117083520685051e-05, "variance": 4.3044754201166205e-12},
"case2":{"physical_error": 1.4677992676220695e-05, "logical_error": 2.7591797099446494e-05, "variance": 2.875294527883425e-12},
"case0":{"physical_error": 1e-05, "logical_error": 1.3271349039176062e-05, "variance": 1.3349052390306425e-12},
"case1":{"physical_error": 1.2115276586285884e-05, "logical_error": 1.8022692597626804e-05, "variance": 1.828074072556572e-12},
"case000":{"physical_error": 1e-06, "logical_error": 1.0014059739874784e-07, "variance": 1.0028139247378102e-14},
"case300":{"physical_error": 1.7782794100389227e-06, "logical_error": 4.010330611655625e-07, "variance": 4.0206879036955445e-14},
"case400":{"physical_error": 2.1544346900318835e-06, "logical_error": 9.028013927216151e-07, "variance": 9.0561150522232e-14},
"case100":{"physical_error": 1.2115276586285884e-06, "logical_error": 1.0017119256809888e-07, "variance": 1.0034267820515149e-14},
"case1000":{"physical_error": 6.812920690579613e-06, "logical_error": 5.3509409579193925e-06, "variance": 5.402371534931944e-13},
"case1100":{"physical_error": 8.254041852680183e-06, "logical_error": 9.85052478047885e-06, "variance": 9.79424339164934e-13},
"case1200":{"physical_error": 9.999999999999999e-06, "logical_error": 1.2735856990110392e-05, "variance": 1.2892628387153086e-12},
"case500":{"physical_error": 2.6101572156825365e-06, "logical_error": 9.092352135898972e-07, "variance": 9.067460902362636e-14},
"case900":{"physical_error": 5.623413251903491e-06, "logical_error": 4.246423177734765e-06, "variance": 4.2687541499624744e-13},
"case700":{"physical_error": 3.8311868495572874e-06, "logical_error": 2.236205540239718e-06, "variance": 2.2269142311296181e-13},
"case600":{"physical_error": 3.162277660168379e-06, "logical_error": 1.0075191733105857e-06, "variance": 1.0091576668942128e-13},
"case200":{"physical_error": 1.4677992676220694e-06, "logical_error": 4.00828110877072e-07, "variance": 4.016579361732059e-14},
"case800":{"physical_error": 4.6415888336127786e-06, "logical_error": 3.1567996645588296e-06, "variance": 3.1485800637187595e-13}
}