{
"case24":{"physical_error": 4.9999999999999996e-06, "logical_error": 0.25889588379660633, "variance": 5.752698403856862e-05},
"case23":{"physical_error": 4.1270209263400926e-06, "logical_error": 0.20236021788029246, "variance": 3.795759483950907e-05},
"case22":{"physical_error": 3.4064603452898055e-06, "logical_error": 0.15740794976931854, "variance": 2.4098470560380973e-05},
"case21":{"physical_error": 2.811706625951745e-06, "logical_error": 0.11896297620086542, "variance": 1.4123500938555462e-05},
"case20":{"physical_error": 2.3207944168063897e-06, "logical_error": 0.09025217997924018, "variance": 8.173369987243245e-06},
"case19":{"physical_error": 1.9155934247786437e-06, "logical_error": 0.06323843722354486, "variance": 3.923959913583088e-06},
"case18":{"physical_error": 1.5811388300841896e-06, "logical_error": 0.04784168408454427, "variance": 2.22278036321229e-06},
"case17":{"physical_error": 1.3050786078412687e-06, "logical_error": 0.031893708371375264, "variance": 9.055580655334218e-07},
"case16":{"physical_error": 1.0772173450159415e-06, "logical_error": 0.023393324974479567, "variance": 4.864335247059316e-07},
"case13":{"physical_error": 6.057638293142941e-07, "logical_error": 0.007186992816913768, "variance": 3.4432377588616395e-08},
"case11":{"physical_error": 4.1270209263400914e-07, "logical_error": 0.0031787008931447227, "variance": 4.59906960360919e-09},
"case10":{"physical_error": 3.4064603452898063e-07, "logical_error": 0.00223277342399764, "variance": 2.3226203564673216e-09},
"case9":{"physical_error": 2.8117066259517457e-07, "logical_error": 0.0014830901536777362, "variance": 8.557785957911922e-10},
"case8":{"physical_error": 2.3207944168063892e-07, "logical_error": 0.000997184214756446, "variance": 2.684998889161827e-10},
"case7":{"physical_error": 1.9155934247786438e-07, "logical_error": 0.0006792518816219439, "variance": 1.2867770794287334e-10},
"case5":{"physical_error": 1.3050786078412684e-07, "logical_error": 0.0003050546771897691, "variance": 9.157969631519609e-12},
"case4":{"physical_error": 1.0772173450159419e-07, "logical_error": 0.00020497243372298612, "variance": 4.439297901311442e-12},
"case3":{"physical_error": 8.891397050194613e-08, "logical_error": 0.00014417599010214203, "variance": 4.4329846236833185e-12},
"case1":{"physical_error": 6.057638293142941e-08, "logical_error": 6.930585441513181e-05, "variance": 3.17896915756031e-13},
"case2":{"physical_error": 7.338996338110346e-08, "logical_error": 9.65285492285862e-05, "variance": 8.197075910699377e-13},
"case15":{"physical_error": 8.891397050194613e-07, "logical_error": 0.015951026395404064, "variance": 2.1192259349684395e-07},
"case14":{"physical_error": 7.338996338110349e-07, "logical_error": 0.010424790020244016, "variance": 7.707791495537597e-08},
"case12":{"physical_error": 5e-07, "logical_error": 0.00490225922959375, "variance": 1.4783733810266886e-08},
"case6":{"physical_error": 1.5811388300841896e-07, "logical_error": 0.00045952762958151425, "variance": 6.576038426718081e-11},
"case0":{"physical_error": 5e-08, "logical_error": 4.321999748398538e-05, "variance": 1.5450816833157767e-13},
"case1700":{"physical_error": 1.3050786078412687e-08, "logical_error": 3.067038696309263e-06, "variance": 2.90528450389017e-15},
"case2300":{"physical_error": 4.127020926340093e-08, "logical_error": 2.9480726687196073e-05, "variance": 5.76337214023366e-14},
"case2000":{"physical_error": 2.32079441680639e-08, "logical_error": 9.339666214611676e-06, "variance": 1.3397570286214845e-14},
"case1900":{"physical_error": 1.9155934247786438e-08, "logical_error": 6.582624295268475e-06, "variance": 8.324139748676363e-15},
"case2400":{"physical_error": 5.0000000000000004e-08, "logical_error": 4.653191514031601e-05, "variance": 2.847310021256611e-13},
"case1800":{"physical_error": 1.5811388300841896e-08, "logical_error": 3.666618894910284e-06, "variance": 3.2663008067330206e-15},
"case1500":{"physical_error": 8.891397050194614e-09, "logical_error": 1.150261011988269e-06, "variance": 1.0216991472589008e-15},
"case1000":{"physical_error": 3.406460345289807e-09, "logical_error": 2.286439444036829e-07, "variance": 2.0262811361424201e-16},
"case100":{"physical_error": 6.057638293142942e-10, "logical_error": 0.0, "variance": 0.0},
"case1200":{"physical_error": 5e-09, "logical_error": 3.609201256892366e-07, "variance": 3.200573393796913e-16},
"case2100":{"physical_error": 2.8117066259517456e-08, "logical_error": 1.3375731803309284e-05, "variance": 1.8472192479829005e-14},
"case900":{"physical_error": 2.811706625951746e-09, "logical_error": 2.542978845596943e-07, "variance": 2.2532200031893944e-16},
"case000":{"physical_error": 5e-10, "logical_error": 0.0, "variance": 0.0},
"case2200":{"physical_error": 3.406460345289806e-08, "logical_error": 2.0780557500285548e-05, "variance": 3.678713573148458e-14},
"case1300":{"physical_error": 6.057638293142942e-09, "logical_error": 6.016592048429068e-07, "variance": 5.357238526130824e-16},
"case1400":{"physical_error": 7.33899633811035e-09, "logical_error": 8.363764584807801e-07, "variance": 7.478689618685992e-16},
"case400":{"physical_error": 1.077217345015942e-09, "logical_error": 1.3280126418304221e-08, "variance": 1.1757450512409447e-17},
"case600":{"physical_error": 1.5811388300841898e-09, "logical_error": 7.970101139697896e-08, "variance": 7.058056908557078e-17},
"case200":{"physical_error": 7.338996338110348e-10, "logical_error": 0.0, "variance": 0.0},
"case500":{"physical_error": 1.3050786078412685e-09, "logical_error": 0.0, "variance": 0.0},
"case1600":{"physical_error": 1.0772173450159416e-08, "logical_error": 1.6525593450595293e-06, "variance": 1.4690437810347394e-15},
"case300":{"physical_error": 8.891397050194614e-10, "logical_error": 0.0, "variance": 0.0},
"case7v":{"physical_error": 1.915593424778644e-09, "logical_error": 0.0, "variance": 0.0},
"case1100":{"physical_error": 4.127020926340092e-09, "logical_error": 2.1011587358489286e-07, "variance": 1.8628135161326024e-16},
"case800":{"physical_error": 2.3207944168063893e-09, "logical_error": 7.439483036117312e-08, "variance": 6.552678113344956e-17}
}