{
"case24":{"physical_error": 0.001, "logical_error": 0.04044196760193022, "variance": 1.6630925156318197e-06},
"case23":{"physical_error": 0.0008254041852680187, "logical_error": 0.026959020210350456, "variance": 7.473396099862332e-07},
"case22":{"physical_error": 0.0006812920690579612, "logical_error": 0.017830285432096624, "variance": 3.2705951193058374e-07},
"case21":{"physical_error": 0.0005623413251903491, "logical_error": 0.012080380571670445, "variance": 1.520528022950946e-07},
"case20":{"physical_error": 0.00046415888336127806, "logical_error": 0.0071621960144946425, "variance": 4.9065571707843295e-08},
"case19":{"physical_error": 0.00038311868495572875, "logical_error": 0.0048988552628408686, "variance": 2.3712885995806673e-08},
"case18":{"physical_error": 0.00031622776601683794, "logical_error": 0.0032566969527061556, "variance": 9.787020036577783e-09},
"case17":{"physical_error": 0.00026101572156825374, "logical_error": 0.0020581834959385154, "variance": 3.680799110334388e-09},
"case16":{"physical_error": 0.00021544346900318834, "logical_error": 0.0013836026875367379, "variance": 1.5631655774791181e-09},
"case15":{"physical_error": 0.0001778279410038923, "logical_error": 0.0009310150150793052, "variance": 7.474344960135599e-10},
"case14":{"physical_error": 0.000146779926762207, "logical_error": 0.0005935328729313239, "variance": 2.5881008400913753e-10},
"case13":{"physical_error": 0.00012115276586285883, "logical_error": 0.00040920591544109657, "variance": 1.3073792367918823e-10},
"case12":{"physical_error": 0.0001, "logical_error": 0.00026701845867189273, "variance": 5.473259507935515e-11},
"case11":{"physical_error": 8.254041852680184e-05, "logical_error": 0.0001771190424343186, "variance": 2.9424139551883006e-11},
"case10":{"physical_error": 6.812920690579614e-05, "logical_error": 0.000124818675895785, "variance": 1.938817401027417e-11},
"case9":{"physical_error": 5.6234132519034914e-05, "logical_error": 8.275387157859631e-05, "variance": 1.1059378593965144e-11},
"case8":{"physical_error": 4.641588833612779e-05, "logical_error": 5.486345938124031e-05, "variance": 6.564752200390461e-12},
"case7":{"physical_error": 3.831186849557288e-05, "logical_error": 3.4721849273122986e-05, "variance": 3.837513729396505e-12},
"case6":{"physical_error": 3.1622776601683795e-05, "logical_error": 2.7054230301217396e-05, "variance": 2.8930009743951472e-12},
"case5":{"physical_error": 2.610157215682537e-05, "logical_error": 1.630390995288152e-05, "variance": 1.6827455203485987e-12},
"case2":{"physical_error": 1.4677992676220695e-05, "logical_error": 5.50967749967349e-06, "variance": 5.553765426538039e-13},
"case1":{"physical_error": 1.2115276586285884e-05, "logical_error": 3.0628055386245306e-06, "variance": 3.033534035680967e-13},
"case0":{"physical_error": 1e-05, "logical_error": 2.3985411810305078e-06, "variance": 2.377707988542001e-13},
"case4":{"physical_error": 2.154434690031884e-05, "logical_error": 1.2810531484908607e-05, "variance": 1.3160139782482272e-12},
"case3":{"physical_error": 1.778279410038923e-05, "logical_error": 6.494425709776145e-06, "variance": 6.587557351167257e-13},
"case300":{"physical_error": 1.7782794100389227e-06, "logical_error": 1.0125283133691366e-07, "variance": 1.005215746024486e-14},
"case400":{"physical_error": 2.1544346900318835e-06, "logical_error": 2.006082441964035e-07, "variance": 2.012183381978193e-14},
"case100":{"physical_error": 1.2115276586285884e-06, "logical_error": 1.001723966947116e-07, "variance": 1.0034509059562667e-14},
"case700":{"physical_error": 3.8311868495572874e-06, "logical_error": 5.108011634870636e-07, "variance": 5.060223885893645e-14},
"case500":{"physical_error": 2.6101572156825365e-06, "logical_error": 2.0074274816822244e-07, "variance": 2.0148825471065183e-14},
"case600":{"physical_error": 3.162277660168379e-06, "logical_error": 1.064798651757474e-07, "variance": 1.0121602748423334e-14},
"case1000":{"physical_error": 6.812920690579613e-06, "logical_error": 1.931938269390735e-06, "variance": 1.939672576021228e-13},
"case900":{"physical_error": 5.623413251903491e-06, "logical_error": 6.118181515667654e-07, "variance": 6.101385340139143e-14},
"case800":{"physical_error": 4.6415888336127786e-06, "logical_error": 9.149225388790453e-07, "variance": 9.123160533524477e-14},
"case000":{"physical_error": 1e-06, "logical_error": 1.0022048506713669e-09, "variance": 2.008829125418655e-18},
"case1100":{"physical_error": 8.254041852680183e-06, "logical_error": 1.7647285198170738e-06, "variance": 1.747421030657935e-13},
"case1200":{"physical_error": 9.999999999999999e-06, "logical_error": 2.0593142325206287e-06, "variance": 2.0622145264307928e-13},
"case200":{"physical_error": 1.4677992676220694e-06, "logical_error": 1.0121154224166546e-07, "variance": 1.0043880666294754e-14}
}