{
"case24":{"physical_error": 0.001, "logical_error": 0.0711276278406516, "variance": 5.001233960252632e-06},
"case23":{"physical_error": 0.0008254041852680187, "logical_error": 0.0531374968101721, "variance": 2.8200991221647258e-06},
"case22":{"physical_error": 0.0006812920690579612, "logical_error": 0.03560406431875236, "variance": 1.3064611723242638e-06},
"case21":{"physical_error": 0.0005623413251903491, "logical_error": 0.023028130195653286, "variance": 5.307480216623627e-07},
"case20":{"physical_error": 0.00046415888336127806, "logical_error": 0.014728161341341504, "variance": 2.1390252558248992e-07},
"case19":{"physical_error": 0.00038311868495572875, "logical_error": 0.01011680763673831, "variance": 9.908279989906522e-08},
"case18":{"physical_error": 0.00031622776601683794, "logical_error": 0.006614722161875253, "variance": 4.08225654713709e-08},
"case17":{"physical_error": 0.00026101572156825374, "logical_error": 0.004279067035688615, "variance": 1.583645321283615e-08},
"case16":{"physical_error": 0.00021544346900318834, "logical_error": 0.002762814358197546, "variance": 5.879638567856675e-09},
"case15":{"physical_error": 0.0001778279410038923, "logical_error": 0.0018365378229051545, "variance": 2.305129160714323e-09},
"case14":{"physical_error": 0.000146779926762207, "logical_error": 0.0011437380450760157, "variance": 7.557640564948877e-10},
"case12":{"physical_error": 0.0001, "logical_error": 0.0005504700691983345, "variance": 1.7396688137178e-10},
"case13":{"physical_error": 0.00012115276586285883, "logical_error": 0.0008506963942434017, "variance": 5.19886414635741e-10},
"case11":{"physical_error": 8.254041852680184e-05, "logical_error": 0.00037828166226524677, "variance": 9.864148482378342e-11},
"case10":{"physical_error": 6.812920690579614e-05, "logical_error": 0.0002479111924053831, "variance": 4.972573616313839e-11},
"case9":{"physical_error": 5.6234132519034914e-05, "logical_error": 0.0001663282247097204, "variance": 2.263860689233941e-11},
"case8":{"physical_error": 4.641588833612779e-05, "logical_error": 0.0001087827244159736, "variance": 1.3273762863146959e-11},
"case7":{"physical_error": 3.831186849557288e-05, "logical_error": 7.357630185003993e-05, "variance": 8.279671082463655e-12},
"case6":{"physical_error": 3.1622776601683795e-05, "logical_error": 5.1409288291922997e-05, "variance": 5.6744147981962485e-12},
"case4":{"physical_error": 2.154434690031884e-05, "logical_error": 2.661921618915315e-05, "variance": 2.7531895923443946e-12},
"case2":{"physical_error": 1.4677992676220695e-05, "logical_error": 1.234748814608451e-05, "variance": 1.251235783956601e-12},
"case1":{"physical_error": 1.2115276586285884e-05, "logical_error": 7.58772720839729e-06, "variance": 7.583614369134413e-13},
"case3":{"physical_error": 1.778279410038923e-05, "logical_error": 1.5934352344551102e-05, "variance": 1.6242348251943355e-12},
"case5":{"physical_error": 2.610157215682537e-05, "logical_error": 3.5026800607921016e-05, "variance": 3.6593035868562225e-12},
"case0":{"physical_error": 1e-05, "logical_error": 5.456978691176278e-06, "variance": 5.470103143249739e-13},
"case1200":{"physical_error": 9.999999999999999e-06, "logical_error": 4.574401973580673e-06, "variance": 4.557115403722134e-13},
"case400":{"physical_error": 2.1544346900318835e-06, "logical_error": 6.018887268247762e-07, "variance": 6.0378339913125e-14},
"case200":{"physical_error": 1.4677992676220694e-06, "logical_error": 1.0121063839243824e-07, "variance": 1.0043738982020127e-14},
"case1000":{"physical_error": 6.812920690579613e-06, "logical_error": 2.680601086652671e-06, "variance": 2.659373987663241e-13},
"case900":{"physical_error": 5.623413251903491e-06, "logical_error": 1.251962546489218e-06, "variance": 1.2266089316690226e-13},
"case1100":{"physical_error": 8.254041852680183e-06, "logical_error": 3.3774028227794646e-06, "variance": 3.386550793558087e-13},
"case500":{"physical_error": 2.6101572156825365e-06, "logical_error": 2.0373384645651946e-07, "variance": 2.0156987935394023e-14},
"case800":{"physical_error": 4.6415888336127786e-06, "logical_error": 8.356815643059353e-07, "variance": 8.143632592481767e-14},
"case600":{"physical_error": 3.162277660168379e-06, "logical_error": 7.031381053642406e-07, "variance": 7.06290278878877e-14},
"case100":{"physical_error": 1.2115276586285884e-06, "logical_error": 1.001764106591708e-07, "variance": 1.0035313252554829e-14},
"case300":{"physical_error": 1.7782794100389227e-06, "logical_error": 2.0049622816470765e-07, "variance": 2.0099368754137256e-14},
"case700":{"physical_error": 3.8311868495572874e-06, "logical_error": 1.0295942131097282e-06, "variance": 1.0143696133896965e-13},
"case000":{"physical_error": 1e-06, "logical_error": 1.0014942293902503e-07, "variance": 1.0029906915019712e-14}
}