{
"case24":{"physical_error": 0.001, "logical_error": 0.21776536583299008, "variance": 4.5914036372749865e-05},
"case23":{"physical_error": 0.0008254041852680187, "logical_error": 0.18188739154033046, "variance": 3.291293684266006e-05},
"case22":{"physical_error": 0.0006812920690579612, "logical_error": 0.14578049063302506, "variance": 2.1245970139931602e-05},
"case21":{"physical_error": 0.0005623413251903491, "logical_error": 0.10980709156396762, "variance": 1.1704030433660322e-05},
"case20":{"physical_error": 0.00046415888336127806, "logical_error": 0.0891915568380897, "variance": 7.549977793805295e-06},
"case19":{"physical_error": 0.00038311868495572875, "logical_error": 0.06935337346726508, "variance": 4.468653122099018e-06},
"case18":{"physical_error": 0.00031622776601683794, "logical_error": 0.050524924533735305, "variance": 2.2138674834425595e-06},
"case17":{"physical_error": 0.00026101572156825374, "logical_error": 0.035682387607508595, "variance": 1.0043533847077064e-06},
"case16":{"physical_error": 0.00021544346900318834, "logical_error": 0.02446792453296307, "variance": 3.9833554438995585e-07},
"case15":{"physical_error": 0.0001778279410038923, "logical_error": 0.01809105700187299, "variance": 2.2320648470244805e-07},
"case13":{"physical_error": 0.00012115276586285883, "logical_error": 0.008332100289403989, "variance": 3.4720742116159015e-08},
"case12":{"physical_error": 0.0001, "logical_error": 0.005734299913609109, "variance": 1.4153203527768671e-08},
"case11":{"physical_error": 8.254041852680184e-05, "logical_error": 0.004004332604936736, "variance": 7.483888792943215e-09},
"case10":{"physical_error": 6.812920690579614e-05, "logical_error": 0.002693685128991024, "variance": 2.60726819129447e-09},
"case14":{"physical_error": 0.000146779926762207, "logical_error": 0.012359975860421958, "variance": 9.302928165069654e-08},
"case8":{"physical_error": 4.641588833612779e-05, "logical_error": 0.001225770873371878, "variance": 3.7664196259515013e-10},
"case7":{"physical_error": 3.831186849557288e-05, "logical_error": 0.0008063041251164274, "variance": 1.4400842132971522e-10},
"case9":{"physical_error": 5.6234132519034914e-05, "logical_error": 0.0018798642729930912, "variance": 1.4931679302221576e-09},
"case6":{"physical_error": 3.1622776601683795e-05, "logical_error": 0.0005712624902926265, "variance": 1.2176539411708344e-10},
"case5":{"physical_error": 2.610157215682537e-05, "logical_error": 0.000390080871230173, "variance": 6.258075967419491e-11},
"case4":{"physical_error": 2.154434690031884e-05, "logical_error": 0.00026458168354922244, "variance": 3.403231619249728e-11},
"case1":{"physical_error": 1.2115276586285884e-05, "logical_error": 8.75247079255187e-05, "variance": 9.3626238893723e-12},
"case3":{"physical_error": 1.778279410038923e-05, "logical_error": 0.00017768908756978495, "variance": 1.997064512467052e-11},
"case2":{"physical_error": 1.4677992676220695e-05, "logical_error": 0.0001250685380169378, "variance": 1.3838687305423701e-11},
"case0":{"physical_error": 1e-05, "logical_error": 5.8005323330564956e-05, "variance": 5.9994686161104076e-12},
"case400":{"physical_error": 2.1544346900318835e-06, "logical_error": 2.3071452287735114e-06, "variance": 2.3143126550662515e-13},
"case500":{"physical_error": 2.6101572156825365e-06, "logical_error": 3.132400601670589e-06, "variance": 3.1273401587367977e-13},
"case1000":{"physical_error": 6.812920690579613e-06, "logical_error": 2.3839147959544966e-05, "variance": 2.408285729603885e-12},
"case600":{"physical_error": 3.162277660168379e-06, "logical_error": 4.748184628008807e-06, "variance": 4.749858981156399e-13},
"case700":{"physical_error": 3.8311868495572874e-06, "logical_error": 8.284032852007577e-06, "variance": 8.259147324337031e-13},
"case900":{"physical_error": 5.623413251903491e-06, "logical_error": 2.0195900093223647e-05, "variance": 2.026836520067899e-12},
"case1200":{"physical_error": 9.999999999999999e-06, "logical_error": 5.89695121622273e-05, "variance": 6.113159012175046e-12},
"case1100":{"physical_error": 8.254041852680183e-06, "logical_error": 3.9087482886146454e-05, "variance": 3.9756188717733725e-12},
"case300":{"physical_error": 1.7782794100389227e-06, "logical_error": 1.4086269392244192e-06, "variance": 1.4075394623538992e-13},
"case200":{"physical_error": 1.4677992676220694e-06, "logical_error": 1.1022474826170562e-06, "variance": 1.1044995572142159e-13},
"case800":{"physical_error": 4.6415888336127786e-06, "logical_error": 1.1944198735279645e-05, "variance": 1.195372066283486e-12},
"case000":{"physical_error": 1e-06, "logical_error": 8.011873596670265e-07, "variance": 8.023764816127767e-14},
"case100":{"physical_error": 1.2115276586285884e-06, "logical_error": 1.001693864324573e-06, "variance": 1.0033905978254958e-13}
}