{
"case24":{"physical_error": 4.9999999999999996e-06, "logical_error": 0.28985930526043113, "variance": 7.355758020863973e-05},
"case23":{"physical_error": 4.1270209263400926e-06, "logical_error": 0.25977449031899197, "variance": 6.224625149616747e-05},
"case22":{"physical_error": 3.4064603452898055e-06, "logical_error": 0.23122147137790566, "variance": 5.15473008739702e-05},
"case21":{"physical_error": 2.811706625951745e-06, "logical_error": 0.20004420895578617, "variance": 3.9859439148117467e-05},
"case20":{"physical_error": 2.3207944168063897e-06, "logical_error": 0.17815782227297033, "variance": 3.165787682677431e-05},
"case19":{"physical_error": 1.9155934247786437e-06, "logical_error": 0.16107013200610376, "variance": 2.528017875510054e-05},
"case18":{"physical_error": 1.5811388300841896e-06, "logical_error": 0.1528005258324, "variance": 2.222308955000821e-05},
"case17":{"physical_error": 1.3050786078412687e-06, "logical_error": 0.14425942540889913, "variance": 1.911693551337751e-05},
"case16":{"physical_error": 1.0772173450159415e-06, "logical_error": 0.14225985834535437, "variance": 1.8517693770349203e-05},
"case13":{"physical_error": 6.057638293142941e-07, "logical_error": 0.10720122759787058, "variance": 7.730266983459318e-06},
"case12":{"physical_error": 5e-07, "logical_error": 0.09267962286093916, "variance": 4.376297806796915e-06},
"case10":{"physical_error": 3.4064603452898063e-07, "logical_error": 0.07683478405783753, "variance": 3.5356107552171664e-06},
"case7":{"physical_error": 1.9155934247786438e-07, "logical_error": 0.036282240171539686, "variance": 2.984634666473409e-07},
"case3":{"physical_error": 8.891397050194613e-08, "logical_error": 0.010423073396255108, "variance": 6.72036741102765e-09},
"case15":{"physical_error": 8.891397050194613e-07, "logical_error": 0.12448060922810336, "variance": 1.23093970001011e-05},
"case14":{"physical_error": 7.338996338110349e-07, "logical_error": 0.11764195669794991, "variance": 1.0419679665257594e-05},
"case11":{"physical_error": 4.1270209263400914e-07, "logical_error": 0.08414494522272664, "variance": 3.6037424537491228e-06},
"case9":{"physical_error": 2.8117066259517457e-07, "logical_error": 0.06093591872675139, "variance": 1.6669894059987117e-06},
"case4":{"physical_error": 1.0772173450159419e-07, "logical_error": 0.014585198224958257, "variance": 1.9509054309501386e-08},
"case6":{"physical_error": 1.5811388300841896e-07, "logical_error": 0.02833375572163792, "variance": 2.2826983552414113e-07},
"case8":{"physical_error": 2.3207944168063892e-07, "logical_error": 0.046746528489301636, "variance": 6.008967792383016e-07},
"case2":{"physical_error": 7.338996338110346e-08, "logical_error": 0.00754745905515685, "variance": 7.729000358482454e-09},
"case1":{"physical_error": 6.057638293142941e-08, "logical_error": 0.005227203941175015, "variance": 1.7191061669782895e-09},
"case5":{"physical_error": 1.3050786078412684e-07, "logical_error": 0.020746360647311942, "variance": 9.754975977285509e-08},
"case0":{"physical_error": 5e-08, "logical_error": 0.003680587736655307, "variance": 1.4401753802514865e-09},
"case2300":{"physical_error": 4.127020926340093e-08, "logical_error": 0.002515758964669298, "variance": 3.099198128919345e-10},
"case1800":{"physical_error": 1.5811388300841896e-08, "logical_error": 0.00039092812389738706, "variance": 3.4830830779699015e-13},
"case1900":{"physical_error": 1.9155934247786438e-08, "logical_error": 0.0005671065192674475, "variance": 1.0746776010448388e-11},
"case2400":{"physical_error": 5.0000000000000004e-08, "logical_error": 0.003599744253197779, "variance": 2.0984102592371555e-10},
"case100":{"physical_error": 6.057638293142942e-10, "logical_error": 8.417907411781592e-07, "variance": 7.451226623904043e-16},
"case1600":{"physical_error": 1.0772173450159416e-08, "logical_error": 0.0001795049516254519, "variance": 6.808751222807219e-13},
"case2100":{"physical_error": 2.8117066259517456e-08, "logical_error": 0.0012131106026189407, "variance": 9.426065407565799e-11},
"case1300":{"physical_error": 6.057638293142942e-09, "logical_error": 5.7479523302443624e-05, "variance": 5.099784825308574e-14},
"case1100":{"physical_error": 4.127020926340092e-09, "logical_error": 2.7479397765213466e-05, "variance": 2.436019425572033e-14},
"case2000":{"physical_error": 2.32079441680639e-08, "logical_error": 0.0008294741594879206, "variance": 3.419971095199231e-11},
"case900":{"physical_error": 2.811706625951746e-09, "logical_error": 1.4278695812843332e-05, "variance": 1.2650853444757366e-14},
"case300":{"physical_error": 8.891397050194614e-10, "logical_error": 1.3491893058758318e-06, "variance": 1.1944303038646384e-15},
"case200":{"physical_error": 7.338996338110348e-10, "logical_error": 6.77199050550997e-07, "variance": 5.994752340747344e-16},
"case1400":{"physical_error": 7.33899633811035e-09, "logical_error": 8.237540477037768e-05, "variance": 7.311948224824156e-14},
"case500":{"physical_error": 1.3050786078412685e-09, "logical_error": 2.4455977575728e-06, "variance": 2.165441126663688e-15},
"case1000":{"physical_error": 3.406460345289807e-09, "logical_error": 1.6689056959296033e-05, "variance": 2.060935754032113e-14},
"case700":{"physical_error": 1.915593424778644e-09, "logical_error": 6.437324074369784e-06, "variance": 6.1464173581221015e-15},
"case000":{"physical_error": 5e-10, "logical_error": 3.443287048562607e-07, "variance": 3.0478729302825165e-16},
"case1700":{"physical_error": 1.3050786078412687e-08, "logical_error": 0.00027001301401330613, "variance": 2.402604308339096e-13},
"case2200":{"physical_error": 3.406460345289806e-08, "logical_error": 0.0017402344330328492, "variance": 9.632580041777652e-11},
"case400":{"physical_error": 1.077217345015942e-09, "logical_error": 2.1496291513440293e-06, "variance": 1.9031735948550463e-15},
"case1200":{"physical_error": 5e-09, "logical_error": 3.9275928782108676e-05, "variance": 3.483185995206883e-14},
"case800":{"physical_error": 2.3207944168063893e-09, "logical_error": 9.087375894294694e-06, "variance": 8.049556549781489e-15},
"case1500":{"physical_error": 8.891397050194614e-09, "logical_error": 0.00012187252738725347, "variance": 1.082558048115687e-13},
"case600":{"physical_error": 1.5811388300841898e-09, "logical_error": 4.642261912626786e-06, "variance": 4.1111399590662545e-15}
}