{
"case24":{"physical_error": 9.999999999999999e-05, "logical_error": 0.3278856815759815, "variance": 8.661507861280193e-05},
"case23":{"physical_error": 8.254041852680186e-05, "logical_error": 0.2725108023281564, "variance": 6.53636237911055e-05},
"case22":{"physical_error": 6.812920690579611e-05, "logical_error": 0.22961282360038998, "variance": 4.908578736748118e-05},
"case21":{"physical_error": 5.623413251903491e-05, "logical_error": 0.1869172129385217, "variance": 3.4029404874590955e-05},
"case20":{"physical_error": 4.64158883361278e-05, "logical_error": 0.15124448967544532, "variance": 2.2762989999493835e-05},
"case19":{"physical_error": 3.831186849557287e-05, "logical_error": 0.1129052211609148, "variance": 1.270148886994461e-05},
"case18":{"physical_error": 3.162277660168379e-05, "logical_error": 0.08540019470442366, "variance": 7.13148920501298e-06},
"case17":{"physical_error": 2.6101572156825373e-05, "logical_error": 0.06524051293240957, "variance": 4.074172162121557e-06},
"case16":{"physical_error": 2.154434690031883e-05, "logical_error": 0.047896248883092546, "variance": 2.1238458220930596e-06},
"case15":{"physical_error": 1.778279410038923e-05, "logical_error": 0.03490671964384251, "variance": 1.0989424411660617e-06},
"case14":{"physical_error": 1.4677992676220699e-05, "logical_error": 0.02300570605680864, "variance": 4.1390637681286085e-07},
"case13":{"physical_error": 1.211527658628588e-05, "logical_error": 0.016346652301427726, "variance": 2.0149913961449622e-07},
"case12":{"physical_error": 9.999999999999999e-06, "logical_error": 0.010877178825494837, "variance": 7.683128196578274e-08},
"case11":{"physical_error": 8.254041852680183e-06, "logical_error": 0.0076706182450288285, "variance": 3.755678846934697e-08},
"case10":{"physical_error": 6.812920690579613e-06, "logical_error": 0.00520746819800757, "variance": 1.6178299694127258e-08},
"case9":{"physical_error": 5.623413251903491e-06, "logical_error": 0.0034781092793422586, "variance": 5.7337476865755105e-09},
"case8":{"physical_error": 4.6415888336127786e-06, "logical_error": 0.0023455713275133687, "variance": 2.221903729472918e-09},
"case7":{"physical_error": 3.8311868495572874e-06, "logical_error": 0.0015712470178997015, "variance": 7.24446778831943e-10},
"case6":{"physical_error": 3.162277660168379e-06, "logical_error": 0.001037571742608541, "variance": 2.439088644729984e-10},
"case5":{"physical_error": 2.6101572156825365e-06, "logical_error": 0.0007427192967662547, "variance": 1.74320482214168e-10},
"case4":{"physical_error": 2.1544346900318835e-06, "logical_error": 0.0004908086096840783, "variance": 4.8254938074354976e-11},
"case2":{"physical_error": 1.4677992676220694e-06, "logical_error": 0.00022280633377706388, "variance": 1.063386507412806e-11},
"case1":{"physical_error": 1.2115276586285884e-06, "logical_error": 0.000157843287167153, "variance": 3.6746047631346346e-12},
"case3":{"physical_error": 1.7782794100389227e-06, "logical_error": 0.0003386250614950649, "variance": 2.1609707177266688e-11},
"case0":{"physical_error": 1e-06, "logical_error": 0.00011098705963773284, "variance": 2.4203044644704757e-12},
"case1200":{"physical_error": 1e-06, "logical_error": 0.00010664805532462537, "variance": 2.014264244610415e-12},
"case900":{"physical_error": 5.623413251903491e-07, "logical_error": 3.403646846410345e-05, "variance": 2.604456287476409e-13},
"case1000":{"physical_error": 6.812920690579613e-07, "logical_error": 4.7413402681991e-05, "variance": 3.7078857987101254e-13},
"case1100":{"physical_error": 8.254041852680183e-07, "logical_error": 7.398942991784615e-05, "variance": 1.0359818160435115e-12},
"case100":{"physical_error": 1.2115276586285883e-07, "logical_error": 1.6536178456747898e-06, "variance": 7.887720269591272e-15},
"case000":{"physical_error": 1e-07, "logical_error": 9.30869745974239e-07, "variance": 4.443684533180227e-15},
"case300":{"physical_error": 1.7782794100389227e-07, "logical_error": 3.2438946765901225e-06, "variance": 1.567065530114082e-14},
"case600":{"physical_error": 3.162277660168379e-07, "logical_error": 1.0387854351721324e-05, "variance": 4.9864841974388003e-14},
"case700":{"physical_error": 3.8311868495572876e-07, "logical_error": 1.3964050647957916e-05, "variance": 6.714693887697449e-14},
"case500":{"physical_error": 2.610157215682537e-07, "logical_error": 6.966433298342948e-06, "variance": 3.340068334498376e-14},
"case400":{"physical_error": 2.1544346900318838e-07, "logical_error": 4.796455174676419e-06, "variance": 2.3186852626300975e-14},
"case800":{"physical_error": 4.6415888336127784e-07, "logical_error": 2.3011466219662794e-05, "variance": 1.3622807908263167e-13},
"case200":{"physical_error": 1.4677992676220693e-07, "logical_error": 2.0407698988447234e-06, "variance": 9.753493630048485e-15}
}