{
"case24":{"physical_error": 4.9999999999999996e-05, "logical_error": 0.5490583704262587, "variance": 0.0001725219303742985},
"case23":{"physical_error": 4.127020926340093e-05, "logical_error": 0.4820750971726583, "variance": 0.00014620347428277378},
"case22":{"physical_error": 3.4064603452898055e-05, "logical_error": 0.410428737390767, "variance": 0.00011888200934237426},
"case21":{"physical_error": 2.8117066259517454e-05, "logical_error": 0.3529195939526162, "variance": 9.726356033167253e-05},
"case20":{"physical_error": 2.32079441680639e-05, "logical_error": 0.32024391879191594, "variance": 8.496605658555863e-05},
"case19":{"physical_error": 1.9155934247786435e-05, "logical_error": 0.29957210523170946, "variance": 7.717279834107131e-05},
"case18":{"physical_error": 1.5811388300841894e-05, "logical_error": 0.2526886001225468, "variance": 5.95992616346855e-05},
"case17":{"physical_error": 1.3050786078412686e-05, "logical_error": 0.2186123337013567, "variance": 4.683373580451303e-05},
"case16":{"physical_error": 1.0772173450159415e-05, "logical_error": 0.19909069822104747, "variance": 3.950597162621974e-05},
"case15":{"physical_error": 8.891397050194615e-06, "logical_error": 0.1814079514194928, "variance": 3.286448701361405e-05},
"case14":{"physical_error": 7.338996338110349e-06, "logical_error": 0.1588155889565892, "variance": 2.4416808497305872e-05},
"case13":{"physical_error": 6.05763829314294e-06, "logical_error": 0.15447113819165423, "variance": 2.280263308058205e-05},
"case12":{"physical_error": 4.9999999999999996e-06, "logical_error": 0.13869933247645536, "variance": 1.696270938026433e-05},
"case11":{"physical_error": 4.127020926340092e-06, "logical_error": 0.12779606399574467, "variance": 1.3037867218122696e-05},
"case10":{"physical_error": 3.4064603452898063e-06, "logical_error": 0.12105507711076088, "variance": 1.083860167303277e-05},
"case9":{"physical_error": 2.8117066259517456e-06, "logical_error": 0.11468152708080981, "variance": 9.065110246836918e-06},
"case8":{"physical_error": 2.3207944168063893e-06, "logical_error": 0.108827725024177, "variance": 7.904357558004773e-06},
"case7":{"physical_error": 1.9155934247786437e-06, "logical_error": 0.09449137810961396, "variance": 4.476217979551468e-06},
"case6":{"physical_error": 1.5811388300841896e-06, "logical_error": 0.08904778413819643, "variance": 4.584372934841845e-06},
"case5":{"physical_error": 1.3050786078412683e-06, "logical_error": 0.07220596099966266, "variance": 1.943825536200079e-06},
"case4":{"physical_error": 1.0772173450159418e-06, "logical_error": 0.0608425809503597, "variance": 1.3044083005009327e-06},
"case3":{"physical_error": 8.891397050194613e-07, "logical_error": 0.049003015479427814, "variance": 7.405879079502738e-07},
"case1":{"physical_error": 6.057638293142942e-07, "logical_error": 0.02963258588713086, "variance": 2.731772259400017e-07},
"case2":{"physical_error": 7.338996338110347e-07, "logical_error": 0.037480391359509126, "variance": 2.8242484407231084e-07},
"case0":{"physical_error": 5e-07, "logical_error": 0.021009710747278337, "variance": 5.892518758444198e-08},
"case2400":{"physical_error": 5e-07, "logical_error": 0.02164185674535113, "variance": 1.0576564020798236e-07},
"case2200":{"physical_error": 3.406460345289806e-07, "logical_error": 0.01091271026865004, "variance": 9.211626649025799e-09},
"case2300":{"physical_error": 4.127020926340093e-07, "logical_error": 0.015528837777058645, "variance": 3.90075575676281e-08},
"case2000":{"physical_error": 2.32079441680639e-07, "logical_error": 0.00547299305892693, "variance": 2.310140313329748e-09},
"case2100":{"physical_error": 2.8117066259517457e-07, "logical_error": 0.0077993352045727165, "variance": 4.652414415602573e-09},
"case1900":{"physical_error": 1.9155934247786438e-07, "logical_error": 0.003776022160424474, "variance": 6.888305674435895e-10},
"case1500":{"physical_error": 8.891397050194615e-08, "logical_error": 0.0008725348081769848, "variance": 6.05271680281706e-11},
"case1100":{"physical_error": 4.127020926340092e-08, "logical_error": 0.00018654000231616613, "variance": 3.6739594843490614e-13},
"case1300":{"physical_error": 6.057638293142941e-08, "logical_error": 0.0004056158154034486, "variance": 6.022701499372882e-12},
"case1200":{"physical_error": 5e-08, "logical_error": 0.00027274909725767514, "variance": 2.995199015122432e-12},
"case700":{"physical_error": 1.915593424778644e-08, "logical_error": 4.114061106420741e-05, "variance": 8.08285519931416e-14},
"case1000":{"physical_error": 3.4064603452898065e-08, "logical_error": 0.0001272475554664393, "variance": 5.170210550916284e-13},
"case1400":{"physical_error": 7.338996338110349e-08, "logical_error": 0.0005889611520803798, "variance": 6.921992482678901e-12},
"case1700":{"physical_error": 1.3050786078412687e-07, "logical_error": 0.0018334487465726964, "variance": 1.067866966930599e-10},
"case1600":{"physical_error": 1.0772173450159416e-07, "logical_error": 0.0012529908471178876, "variance": 7.6070923274724e-11},
"case600":{"physical_error": 1.58113883008419e-08, "logical_error": 2.814768217360208e-05, "variance": 5.528518678013512e-14},
"case1800":{"physical_error": 1.5811388300841896e-07, "logical_error": 0.002686488506453567, "variance": 6.614132732431081e-10},
"case500":{"physical_error": 1.3050786078412684e-08, "logical_error": 1.6827530594050904e-05, "variance": 3.3041515273479486e-14},
"case300":{"physical_error": 8.891397050194614e-09, "logical_error": 8.492534498885116e-06, "variance": 1.666816321117492e-14},
"case000":{"physical_error": 5e-09, "logical_error": 2.621109739017712e-06, "variance": 5.142377443093936e-15},
"case800":{"physical_error": 2.3207944168063894e-08, "logical_error": 6.000652072168838e-05, "variance": 1.1794243462569332e-13},
"case200":{"physical_error": 7.3389963381103475e-09, "logical_error": 6.448153918650671e-06, "variance": 1.2653283310593427e-14},
"case400":{"physical_error": 1.077217345015942e-08, "logical_error": 1.300477443056804e-05, "variance": 2.5528174790936796e-14},
"case100":{"physical_error": 6.057638293142942e-09, "logical_error": 4.066942700838402e-06, "variance": 7.978785784805962e-15},
"case900":{"physical_error": 2.8117066259517456e-08, "logical_error": 8.964379977845605e-05, "variance": 1.763017669362216e-13}
}