{
"case24":{"physical_error": 0.001, "logical_error": 0.21550229500802787, "variance": 4.584391048905862e-05},
"case23":{"physical_error": 0.0008254041852680187, "logical_error": 0.1981671611484565, "variance": 3.930101551309077e-05},
"case22":{"physical_error": 0.0006812920690579612, "logical_error": 0.18142846163463539, "variance": 3.293692776997715e-05},
"case21":{"physical_error": 0.0005623413251903491, "logical_error": 0.17411091705184617, "variance": 3.019142413438682e-05},
"case20":{"physical_error": 0.00046415888336127806, "logical_error": 0.15221500483749872, "variance": 2.2048260328469498e-05},
"case19":{"physical_error": 0.00038311868495572875, "logical_error": 0.14034996634978267, "variance": 1.777039373320936e-05},
"case18":{"physical_error": 0.00031622776601683794, "logical_error": 0.12614487951600717, "variance": 1.2958497637225065e-05},
"case17":{"physical_error": 0.00026101572156825374, "logical_error": 0.11255380966110125, "variance": 8.943618084942178e-06},
"case16":{"physical_error": 0.00021544346900318834, "logical_error": 0.10679258367410999, "variance": 8.354963946505635e-06},
"case15":{"physical_error": 0.0001778279410038923, "logical_error": 0.09033398852090824, "variance": 5.010499510617521e-06},
"case14":{"physical_error": 0.000146779926762207, "logical_error": 0.07818491983770287, "variance": 3.713982939519046e-06},
"case12":{"physical_error": 0.0001, "logical_error": 0.04924913779941959, "variance": 1.1384430257702743e-06},
"case13":{"physical_error": 0.00012115276586285883, "logical_error": 0.06320532159683782, "variance": 2.1774899200722576e-06},
"case10":{"physical_error": 6.812920690579614e-05, "logical_error": 0.027348847890377857, "variance": 2.4317182479323415e-07},
"case11":{"physical_error": 8.254041852680184e-05, "logical_error": 0.036654637600268936, "variance": 4.764704771445476e-07},
"case7":{"physical_error": 3.831186849557288e-05, "logical_error": 0.010085217925176755, "variance": 1.8591840028430453e-08},
"case9":{"physical_error": 5.6234132519034914e-05, "logical_error": 0.019403170593252493, "variance": 7.355545611009984e-08},
"case8":{"physical_error": 4.641588833612779e-05, "logical_error": 0.014273308572418191, "variance": 4.767583512542602e-08},
"case6":{"physical_error": 3.1622776601683795e-05, "logical_error": 0.007047259284439685, "variance": 7.840171304061451e-09},
"case4":{"physical_error": 2.154434690031884e-05, "logical_error": 0.003389526066634947, "variance": 1.5995042694854998e-09},
"case5":{"physical_error": 2.610157215682537e-05, "logical_error": 0.004874221471142522, "variance": 3.4182107755702473e-09},
"case0":{"physical_error": 1e-05, "logical_error": 0.0007428016183855165, "variance": 1.0980530140724077e-10},
"case3":{"physical_error": 1.778279410038923e-05, "logical_error": 0.0023280959063732404, "variance": 6.623953883420098e-10},
"case1":{"physical_error": 1.2115276586285884e-05, "logical_error": 0.001104218027865765, "variance": 2.0085827166834964e-10},
"case2":{"physical_error": 1.4677992676220695e-05, "logical_error": 0.0015814403383031732, "variance": 2.3795026999247085e-10},
"case1000":{"physical_error": 6.812920690579613e-06, "logical_error": 0.0003521152238348697, "variance": 4.065635949363358e-11},
"case800":{"physical_error": 4.6415888336127786e-06, "logical_error": 0.00017019189089720622, "variance": 1.751042950940235e-11},
"case900":{"physical_error": 5.623413251903491e-06, "logical_error": 0.00023989774913766532, "variance": 2.579778903165091e-11},
"case200":{"physical_error": 1.4677992676220694e-06, "logical_error": 1.809003932782741e-05, "variance": 1.8094579498182336e-12},
"case1200":{"physical_error": 9.999999999999999e-06, "logical_error": 0.0007641182841249748, "variance": 1.0441274097251302e-10},
"case500":{"physical_error": 2.6101572156825365e-06, "logical_error": 5.429597083238377e-05, "variance": 5.469408054778162e-12},
"case400":{"physical_error": 2.1544346900318835e-06, "logical_error": 3.5468575835548617e-05, "variance": 3.5672088541028726e-12},
"case700":{"physical_error": 3.8311868495572874e-06, "logical_error": 0.00011249757671541749, "variance": 1.1751066181380352e-11},
"case300":{"physical_error": 1.7782794100389227e-06, "logical_error": 2.4562905601244788e-05, "variance": 2.462597271737398e-12},
"case000":{"physical_error": 1e-06, "logical_error": 8.01116756758922e-06, "variance": 8.022350724499171e-13},
"case100":{"physical_error": 1.2115276586285884e-06, "logical_error": 1.1018687694329583e-05, "variance": 1.1037407136833654e-12},
"case1100":{"physical_error": 8.254041852680183e-06, "logical_error": 0.0005116803422124009, "variance": 6.811613576548975e-11},
"case600":{"physical_error": 3.162277660168379e-06, "logical_error": 7.63348044523279e-05, "variance": 7.66710838259887e-12}
}