{
"case24":{"physical_error": 4.9999999999999996e-06, "logical_error": 0.2774877654521936, "variance": 6.891497025035624e-05},
"case23":{"physical_error": 4.1270209263400926e-06, "logical_error": 0.2508410577259552, "variance": 5.8920882988903754e-05},
"case22":{"physical_error": 3.4064603452898055e-06, "logical_error": 0.2353699090667115, "variance": 5.309527892101272e-05},
"case21":{"physical_error": 2.811706625951745e-06, "logical_error": 0.2045450855467172, "variance": 4.154346497368894e-05},
"case20":{"physical_error": 2.3207944168063897e-06, "logical_error": 0.1935136804276165, "variance": 3.7403099443594114e-05},
"case19":{"physical_error": 1.9155934247786437e-06, "logical_error": 0.1711663669355868, "variance": 2.9054449441146863e-05},
"case17":{"physical_error": 1.3050786078412687e-06, "logical_error": 0.1450243762254482, "variance": 1.9396681930759526e-05},
"case16":{"physical_error": 1.0772173450159415e-06, "logical_error": 0.12684113331841956, "variance": 1.2841652439376754e-05},
"case15":{"physical_error": 8.891397050194613e-07, "logical_error": 0.12666492725888934, "variance": 1.3096728120946862e-05},
"case13":{"physical_error": 6.057638293142941e-07, "logical_error": 0.10860629899303477, "variance": 8.194010129706722e-06},
"case12":{"physical_error": 5e-07, "logical_error": 0.09365749615704716, "variance": 4.676769793414445e-06},
"case11":{"physical_error": 4.1270209263400914e-07, "logical_error": 0.08510422036230238, "variance": 3.861505716833584e-06},
"case10":{"physical_error": 3.4064603452898063e-07, "logical_error": 0.07065554965068531, "variance": 1.9592594973315e-06},
"case8":{"physical_error": 2.3207944168063892e-07, "logical_error": 0.04853246206054837, "variance": 9.047063508130979e-07},
"case3":{"physical_error": 8.891397050194613e-08, "logical_error": 0.010652972994461392, "variance": 1.5098065246516927e-08},
"case1":{"physical_error": 6.057638293142941e-08, "logical_error": 0.005279122005953376, "variance": 2.1229219395134754e-09},
"case2":{"physical_error": 7.338996338110346e-08, "logical_error": 0.007700913823240301, "variance": 1.1118291333096189e-08},
"case18":{"physical_error": 1.5811388300841896e-06, "logical_error": 0.15168839781739624, "variance": 2.1809302988709857e-05},
"case14":{"physical_error": 7.338996338110349e-07, "logical_error": 0.11766568396210988, "variance": 1.0426321464717397e-05},
"case7":{"physical_error": 1.9155934247786438e-07, "logical_error": 0.03610674795860907, "variance": 2.607481588696905e-07},
"case9":{"physical_error": 2.8117066259517457e-07, "logical_error": 0.059733358570464835, "variance": 1.4023881081381843e-06},
"case5":{"physical_error": 1.3050786078412684e-07, "logical_error": 0.020470453872971868, "variance": 7.302064802480145e-08},
"case4":{"physical_error": 1.0772173450159419e-07, "logical_error": 0.014918943047967325, "variance": 3.605124271766969e-08},
"case6":{"physical_error": 1.5811388300841896e-07, "logical_error": 0.027622643393134187, "variance": 1.5306297935039776e-07},
"case0":{"physical_error": 5e-08, "logical_error": 0.0036821960117633455, "variance": 1.0531706962647613e-09},
"case2400":{"physical_error": 5.0000000000000004e-08, "logical_error": 0.0036534281124208185, "variance": 8.369182760526496e-10},
"case2300":{"physical_error": 4.127020926340093e-08, "logical_error": 0.0025608919522396635, "variance": 5.053666046750366e-10},
"case1900":{"physical_error": 1.9155934247786438e-08, "logical_error": 0.0005559545410759632, "variance": 5.866601061035746e-12},
"case2000":{"physical_error": 2.32079441680639e-08, "logical_error": 0.0008327159433249456, "variance": 5.255275978615347e-11},
"case2100":{"physical_error": 2.8117066259517456e-08, "logical_error": 0.0012077386366859601, "variance": 4.648074840460088e-11},
"case1700":{"physical_error": 1.3050786078412687e-08, "logical_error": 0.0002640947721770958, "variance": 2.413874258400313e-12},
"case1800":{"physical_error": 1.5811388300841896e-08, "logical_error": 0.0003879102262499639, "variance": 5.096967747245078e-12},
"case1300":{"physical_error": 6.057638293142942e-09, "logical_error": 5.655788446052088e-05, "variance": 1.0561114650238152e-13},
"case1000":{"physical_error": 3.406460345289807e-09, "logical_error": 1.8482329802645585e-05, "variance": 1.637959793496817e-14},
"case1500":{"physical_error": 8.891397050194614e-09, "logical_error": 0.0001230601705987777, "variance": 5.443886237840045e-13},
"case1200":{"physical_error": 5e-09, "logical_error": 3.9199239914062096e-05, "variance": 1.145558870384082e-13},
"case100":{"physical_error": 6.057638293142942e-10, "logical_error": 4.841937816807239e-07, "variance": 4.285989364136755e-16},
"case1100":{"physical_error": 4.127020926340092e-09, "logical_error": 2.6189775300514574e-05, "variance": 4.563350451247601e-14},
"case700":{"physical_error": 1.915593424778644e-09, "logical_error": 6.158356581653475e-06, "variance": 5.454531250797451e-15},
"case2200":{"physical_error": 3.406460345289806e-08, "logical_error": 0.0017555946003856484, "variance": 1.435589769337001e-10},
"case600":{"physical_error": 1.5811388300841898e-09, "logical_error": 4.535809570101247e-06, "variance": 4.016706063299894e-15},
"case300":{"physical_error": 8.891397050194614e-10, "logical_error": 1.2110796793046845e-06, "variance": 1.0721593491408898e-15},
"case800":{"physical_error": 2.3207944168063893e-09, "logical_error": 7.510593564654477e-06, "variance": 6.653575807198542e-15},
"case900":{"physical_error": 2.811706625951746e-09, "logical_error": 1.1032975706509132e-05, "variance": 9.774877775670172e-15},
"case000":{"physical_error": 5e-10, "logical_error": 4.700050354268287e-07, "variance": 4.160164469427015e-16},
"case1400":{"physical_error": 7.33899633811035e-09, "logical_error": 8.606304474011953e-05, "variance": 1.935041769664791e-13},
"case1600":{"physical_error": 1.0772173450159416e-08, "logical_error": 0.00018124579926559383, "variance": 1.6115046947673468e-13},
"case400":{"physical_error": 1.077217345015942e-09, "logical_error": 1.7910786364266015e-06, "variance": 1.5857452703231705e-15},
"case500":{"physical_error": 1.3050786078412685e-09, "logical_error": 2.090542872810734e-06, "variance": 1.8510671338669027e-15},
"case200":{"physical_error": 7.338996338110348e-10, "logical_error": 9.339187673207075e-07, "variance": 8.267338994823031e-16}
}