{
"case24":{"physical_error": 9.999999999999999e-05, "logical_error": 0.2628627438402746, "variance": 5.6859007704303584e-05},
"case23":{"physical_error": 8.254041852680186e-05, "logical_error": 0.2069354448478183, "variance": 3.745683878561003e-05},
"case22":{"physical_error": 6.812920690579611e-05, "logical_error": 0.15370830499386742, "variance": 2.1968839846358745e-05},
"case21":{"physical_error": 5.623413251903491e-05, "logical_error": 0.11180983408324344, "variance": 1.2144847744982202e-05},
"case20":{"physical_error": 4.64158883361278e-05, "logical_error": 0.07770338024096321, "variance": 6.055158293634093e-06},
"case19":{"physical_error": 3.831186849557287e-05, "logical_error": 0.053757112264020065, "variance": 2.8862564082672347e-06},
"case18":{"physical_error": 3.162277660168379e-05, "logical_error": 0.037583332641429316, "variance": 1.4023510687230486e-06},
"case17":{"physical_error": 2.6101572156825373e-05, "logical_error": 0.025043150581187112, "variance": 6.000102934577394e-07},
"case16":{"physical_error": 2.154434690031883e-05, "logical_error": 0.015895204752049162, "variance": 2.1707130871770632e-07},
"case15":{"physical_error": 1.778279410038923e-05, "logical_error": 0.01134232571582874, "variance": 1.114101174462135e-07},
"case14":{"physical_error": 1.4677992676220699e-05, "logical_error": 0.007761225952765075, "variance": 4.9877230464064183e-08},
"case13":{"physical_error": 1.211527658628588e-05, "logical_error": 0.004827368860541006, "variance": 1.5419068667463556e-08},
"case12":{"physical_error": 9.999999999999999e-06, "logical_error": 0.0032502437782177514, "variance": 6.686373544185732e-09},
"case11":{"physical_error": 8.254041852680183e-06, "logical_error": 0.0022445312319641156, "variance": 3.0861067384254362e-09},
"case10":{"physical_error": 6.812920690579613e-06, "logical_error": 0.0015345217926200899, "variance": 1.3754155949986537e-09},
"case9":{"physical_error": 5.623413251903491e-06, "logical_error": 0.0010077494515996596, "variance": 4.765367190407164e-10},
"case8":{"physical_error": 4.6415888336127786e-06, "logical_error": 0.0006535146786920662, "variance": 1.4313160150916347e-10},
"case7":{"physical_error": 3.8311868495572874e-06, "logical_error": 0.00044895771505744543, "variance": 7.382877966667992e-11},
"case6":{"physical_error": 3.162277660168379e-06, "logical_error": 0.0003054665553368967, "variance": 3.016860428044453e-11},
"case4":{"physical_error": 2.1544346900318835e-06, "logical_error": 0.0001405586420677743, "variance": 5.053353295458e-12},
"case5":{"physical_error": 2.6101572156825365e-06, "logical_error": 0.00020237132890864166, "variance": 1.1134351628099147e-11},
"case3":{"physical_error": 1.7782794100389227e-06, "logical_error": 9.67420418049583e-05, "variance": 2.6464334778763635e-12},
"case1":{"physical_error": 1.2115276586285884e-06, "logical_error": 4.463701367866008e-05, "variance": 4.601677352012821e-13},
"case2":{"physical_error": 1.4677992676220694e-06, "logical_error": 6.494694524825885e-05, "variance": 8.133548976400559e-13},
"case0":{"physical_error": 1e-06, "logical_error": 2.980063208143334e-05, "variance": 2.1377981421077315e-13},
"case200":{"physical_error": 1.4677992676220693e-07, "logical_error": 1.0073864683667936e-06, "variance": 4.811201459374342e-15},
"case1200":{"physical_error": 1e-06, "logical_error": 2.8307430728935485e-05, "variance": 1.975494726985768e-13},
"case1000":{"physical_error": 6.812920690579613e-07, "logical_error": 1.410770259591151e-05, "variance": 8.230521670205963e-14},
"case1100":{"physical_error": 8.254041852680183e-07, "logical_error": 2.1342505583783718e-05, "variance": 1.9846947145147344e-13},
"case000":{"physical_error": 1e-07, "logical_error": 3.6397062273786144e-07, "variance": 1.7335054589917567e-15},
"case700":{"physical_error": 3.8311868495572876e-07, "logical_error": 3.4751720070820067e-06, "variance": 1.7216150032025642e-14},
"case800":{"physical_error": 4.6415888336127784e-07, "logical_error": 5.6136969059427445e-06, "variance": 2.8904897202129644e-14},
"case100":{"physical_error": 1.2115276586285883e-07, "logical_error": 5.206219799148816e-07, "variance": 2.486671981380655e-15},
"case600":{"physical_error": 3.162277660168379e-07, "logical_error": 3.2380227522816974e-06, "variance": 1.590840594554235e-14},
"case900":{"physical_error": 5.623413251903491e-07, "logical_error": 9.278548647585122e-06, "variance": 4.4815963043000353e-14},
"case400":{"physical_error": 2.1544346900318838e-07, "logical_error": 1.80844016145214e-06, "variance": 8.687212512992478e-15},
"case500":{"physical_error": 2.610157215682537e-07, "logical_error": 1.9278429157978033e-06, "variance": 9.296488065119554e-15},
"case300":{"physical_error": 1.7782794100389227e-07, "logical_error": 8.301028148568111e-07, "variance": 4.034646279991731e-15}
}