{
"case24":{"physical_error": 0.001, "logical_error": 0.19626236032630598, "variance": 3.769235782241172e-05},
"case23":{"physical_error": 0.0008254041852680187, "logical_error": 0.16872583801680097, "variance": 2.8224575968486832e-05},
"case22":{"physical_error": 0.0006812920690579612, "logical_error": 0.12660333861562917, "variance": 1.6029947064766635e-05},
"case21":{"physical_error": 0.0005623413251903491, "logical_error": 0.10057728495221861, "variance": 1.0038458410241106e-05},
"case20":{"physical_error": 0.00046415888336127806, "logical_error": 0.07238760480422093, "variance": 4.93737712604455e-06},
"case19":{"physical_error": 0.00038311868495572875, "logical_error": 0.05638154567505659, "variance": 3.0042950888477383e-06},
"case18":{"physical_error": 0.00031622776601683794, "logical_error": 0.03822863750575159, "variance": 1.233447975671117e-06},
"case17":{"physical_error": 0.00026101572156825374, "logical_error": 0.026483765663235737, "variance": 5.287324704271348e-07},
"case16":{"physical_error": 0.00021544346900318834, "logical_error": 0.018803379627425763, "variance": 2.5095426539437205e-07},
"case15":{"physical_error": 0.0001778279410038923, "logical_error": 0.013303161949906278, "variance": 1.238962623595274e-07},
"case14":{"physical_error": 0.000146779926762207, "logical_error": 0.00926178819580182, "variance": 5.871393306365082e-08},
"case13":{"physical_error": 0.00012115276586285883, "logical_error": 0.0060080245946453415, "variance": 1.7794138630547997e-08},
"case12":{"physical_error": 0.0001, "logical_error": 0.004100463490425454, "variance": 7.552369384941922e-09},
"case11":{"physical_error": 8.254041852680184e-05, "logical_error": 0.002763288352656757, "variance": 3.047718058073629e-09},
"case10":{"physical_error": 6.812920690579614e-05, "logical_error": 0.0018875572939421577, "variance": 1.2419512610635908e-09},
"case9":{"physical_error": 5.6234132519034914e-05, "logical_error": 0.001315212947338979, "variance": 6.744448940770521e-10},
"case8":{"physical_error": 4.641588833612779e-05, "logical_error": 0.0008903071002572319, "variance": 2.9554168972821986e-10},
"case6":{"physical_error": 3.1622776601683795e-05, "logical_error": 0.000411923165052819, "variance": 7.365282365098493e-11},
"case5":{"physical_error": 2.610157215682537e-05, "logical_error": 0.00027547477362387725, "variance": 3.6757018291583404e-11},
"case7":{"physical_error": 3.831186849557288e-05, "logical_error": 0.0006100643048278801, "variance": 1.490125797891616e-10},
"case4":{"physical_error": 2.154434690031884e-05, "logical_error": 0.00018424959026013576, "variance": 2.2041650498353008e-11},
"case2":{"physical_error": 1.4677992676220695e-05, "logical_error": 8.037532576064607e-05, "variance": 8.347862343286231e-12},
"case3":{"physical_error": 1.778279410038923e-05, "logical_error": 0.00012364740154717139, "variance": 1.3270717362546836e-11},
"case1":{"physical_error": 1.2115276586285884e-05, "logical_error": 6.136405716242076e-05, "variance": 6.494108914713272e-12},
"case0":{"physical_error": 1e-05, "logical_error": 4.112849011413117e-05, "variance": 4.237813749024964e-12},
"case1200":{"physical_error": 9.999999999999999e-06, "logical_error": 3.922291786259787e-05, "variance": 3.990352909762653e-12},
"case1000":{"physical_error": 6.812920690579613e-06, "logical_error": 1.7631835065689484e-05, "variance": 1.7720554930723576e-12},
"case000":{"physical_error": 1e-06, "logical_error": 4.0054714740335296e-07, "variance": 4.010950432324084e-14},
"case800":{"physical_error": 4.6415888336127786e-06, "logical_error": 8.384971921148245e-06, "variance": 8.419332442813022e-13},
"case900":{"physical_error": 5.623413251903491e-06, "logical_error": 1.1881686478760442e-05, "variance": 1.186914963881503e-12},
"case200":{"physical_error": 1.4677992676220694e-06, "logical_error": 8.01656221754144e-07, "variance": 8.033158723464118e-14},
"case300":{"physical_error": 1.7782794100389227e-06, "logical_error": 7.13791500476722e-07, "variance": 7.044946889449586e-14},
"case700":{"physical_error": 3.8311868495572874e-06, "logical_error": 5.3762716696505816e-06, "variance": 5.371850376640971e-13},
"case600":{"physical_error": 3.162277660168379e-06, "logical_error": 3.616189681202745e-06, "variance": 3.6324521695658914e-13},
"case500":{"physical_error": 2.6101572156825365e-06, "logical_error": 2.423822323910042e-06, "variance": 2.419981228406157e-13},
"case1100":{"physical_error": 8.254041852680183e-06, "logical_error": 2.443566552489674e-05, "variance": 2.4793769915732964e-12},
"case100":{"physical_error": 1.2115276586285884e-06, "logical_error": 2.0034439200986495e-07, "variance": 2.006893770490122e-14},
"case400":{"physical_error": 2.1544346900318835e-06, "logical_error": 2.206794720945792e-06, "variance": 2.2136104274519167e-13}
}