{
"case24":{"physical_error": 4.9999999999999996e-06, "logical_error": 0.28238401867351753, "variance": 7.074888254664133e-05},
"case23":{"physical_error": 4.1270209263400926e-06, "logical_error": 0.25424205974367603, "variance": 6.0189792635473115e-05},
"case22":{"physical_error": 3.4064603452898055e-06, "logical_error": 0.21972468969274594, "variance": 4.7235784366582025e-05},
"case21":{"physical_error": 2.811706625951745e-06, "logical_error": 0.20286561733810637, "variance": 4.092334646969897e-05},
"case20":{"physical_error": 2.3207944168063897e-06, "logical_error": 0.19533202098764735, "variance": 3.808817158116396e-05},
"case19":{"physical_error": 1.9155934247786437e-06, "logical_error": 0.1664410010994826, "variance": 2.726293954337608e-05},
"case18":{"physical_error": 1.5811388300841896e-06, "logical_error": 0.14801569199844963, "variance": 2.0361845062857456e-05},
"case17":{"physical_error": 1.3050786078412687e-06, "logical_error": 0.14231197514870192, "variance": 1.823327484669781e-05},
"case16":{"physical_error": 1.0772173450159415e-06, "logical_error": 0.13243362915667092, "variance": 1.4556548047937736e-05},
"case15":{"physical_error": 8.891397050194613e-07, "logical_error": 0.12882372541264056, "variance": 1.3247656426768297e-05},
"case14":{"physical_error": 7.338996338110349e-07, "logical_error": 0.12056561055229116, "variance": 1.0247802305912187e-05},
"case13":{"physical_error": 6.057638293142941e-07, "logical_error": 0.11834270458856103, "variance": 9.57474156154454e-06},
"case11":{"physical_error": 4.1270209263400914e-07, "logical_error": 0.10938900739762857, "variance": 7.075993205488945e-06},
"case12":{"physical_error": 5e-07, "logical_error": 0.11335799523520511, "variance": 8.022857441811902e-06},
"case10":{"physical_error": 3.4064603452898063e-07, "logical_error": 0.09785968561896233, "variance": 3.854144421649957e-06},
"case9":{"physical_error": 2.8117066259517457e-07, "logical_error": 0.09122072736306439, "variance": 2.9276493533853046e-06},
"case8":{"physical_error": 2.3207944168063892e-07, "logical_error": 0.08255891866879131, "variance": 1.9487813893790278e-06},
"case5":{"physical_error": 1.3050786078412684e-07, "logical_error": 0.05227758794476984, "variance": 6.191566841751823e-07},
"case7":{"physical_error": 1.9155934247786438e-07, "logical_error": 0.07398672378379546, "variance": 1.5655443230219096e-06},
"case6":{"physical_error": 1.5811388300841896e-07, "logical_error": 0.0637024396248679, "variance": 1.1129128983218236e-06},
"case4":{"physical_error": 1.0772173450159419e-07, "logical_error": 0.04110116904092314, "variance": 2.4990309734897074e-07},
"case3":{"physical_error": 8.891397050194613e-08, "logical_error": 0.03177099408252929, "variance": 1.2111387200043479e-07},
"case2":{"physical_error": 7.338996338110346e-08, "logical_error": 0.024048408506722803, "variance": 6.97803568368081e-08},
"case0":{"physical_error": 5e-08, "logical_error": 0.012846204073724068, "variance": 1.5072499049755408e-08},
"case1":{"physical_error": 6.057638293142941e-08, "logical_error": 0.017955475975943838, "variance": 4.777477316825965e-08},
"case2300":{"physical_error": 4.127020926340093e-08, "logical_error": 0.00913168276798964, "variance": 5.193003505393929e-09},
"case2100":{"physical_error": 2.8117066259517456e-08, "logical_error": 0.004520417608321229, "variance": 9.53327830689845e-10},
"case1000":{"physical_error": 3.406460345289807e-09, "logical_error": 7.248302196651197e-05, "variance": 6.423509565225403e-14},
"case2400":{"physical_error": 5.0000000000000004e-08, "logical_error": 0.0129803920148212, "variance": 2.2426625490416276e-08},
"case1100":{"physical_error": 4.127020926340092e-09, "logical_error": 0.00010618188654895028, "variance": 2.7479659384715197e-13},
"case1900":{"physical_error": 1.9155934247786438e-08, "logical_error": 0.0021848263008622877, "variance": 3.849267225725379e-10},
"case1700":{"physical_error": 1.3050786078412687e-08, "logical_error": 0.001040148002483005, "variance": 3.4956832561824944e-11},
"case1800":{"physical_error": 1.5811388300841896e-08, "logical_error": 0.0014906933733853398, "variance": 7.297756977470704e-11},
"case200":{"physical_error": 7.338996338110348e-10, "logical_error": 2.9557953763853533e-06, "variance": 2.6165697235882094e-15},
"case400":{"physical_error": 1.077217345015942e-09, "logical_error": 7.4255990741720226e-06, "variance": 6.57440343511916e-15},
"case800":{"physical_error": 2.3207944168063893e-09, "logical_error": 3.3635371647780556e-05, "variance": 2.9795581403326844e-14},
"case500":{"physical_error": 1.3050786078412685e-09, "logical_error": 9.947683056917217e-06, "variance": 1.0869726597614834e-14},
"case1200":{"physical_error": 5e-09, "logical_error": 0.0001590285507458217, "variance": 9.436119671282035e-13},
"case600":{"physical_error": 1.5811388300841898e-09, "logical_error": 1.5149897690813948e-05, "variance": 1.3415910687522201e-14},
"case2000":{"physical_error": 2.32079441680639e-08, "logical_error": 0.003164741164756006, "variance": 4.6346118728897753e-10},
"case1500":{"physical_error": 8.891397050194614e-09, "logical_error": 0.0004848304100939392, "variance": 4.251704100500237e-12},
"case1300":{"physical_error": 6.057638293142942e-09, "logical_error": 0.0002216452766369048, "variance": 1.9664416553767665e-13},
"case900":{"physical_error": 2.811706625951746e-09, "logical_error": 5.110200062668154e-05, "variance": 8.213033665457882e-14},
"case000":{"physical_error": 5e-10, "logical_error": 1.618949953485948e-06, "variance": 1.4330229370651466e-15},
"case2200":{"physical_error": 3.406460345289806e-08, "logical_error": 0.006469846893828021, "variance": 2.6126567593716488e-09},
"case1600":{"physical_error": 1.0772173450159416e-08, "logical_error": 0.0007104252317930101, "variance": 2.337537428579884e-11},
"case100":{"physical_error": 6.057638293142942e-10, "logical_error": 1.9914836322008826e-06, "variance": 1.9325914044180698e-15},
"case1400":{"physical_error": 7.33899633811035e-09, "logical_error": 0.00032961032945291854, "variance": 2.92635476993192e-13},
"case700":{"physical_error": 1.915593424778644e-09, "logical_error": 2.360754686554173e-05, "variance": 2.0908507559885546e-14},
"case300":{"physical_error": 8.891397050194614e-10, "logical_error": 4.583134604680295e-06, "variance": 4.057392853895693e-15}
}