{
"case24":{"physical_error": 0.0005, "logical_error": 0.14983921868498487, "variance": 1.767428768404747e-05},
"case23":{"physical_error": 0.00041270209263400933, "logical_error": 0.10570539155679919, "variance": 9.30629077060048e-06},
"case22":{"physical_error": 0.0003406460345289806, "logical_error": 0.06928987432568458, "variance": 4.347980873204375e-06},
"case21":{"physical_error": 0.00028117066259517455, "logical_error": 0.047548944340115834, "variance": 2.0950076942760794e-06},
"case20":{"physical_error": 0.00023207944168063903, "logical_error": 0.029103808541311428, "variance": 8.42064769479235e-07},
"case19":{"physical_error": 0.00019155934247786437, "logical_error": 0.019234923529150273, "variance": 3.716557796871724e-07},
"case18":{"physical_error": 0.00015811388300841897, "logical_error": 0.011965276289624602, "variance": 1.4501405392938804e-07},
"case17":{"physical_error": 0.00013050786078412687, "logical_error": 0.007614182573837169, "variance": 5.9217289447844295e-08},
"case16":{"physical_error": 0.00010772173450159417, "logical_error": 0.0049595612383516886, "variance": 2.4562363663416604e-08},
"case15":{"physical_error": 8.891397050194615e-05, "logical_error": 0.0032156364411701547, "variance": 9.90267450134084e-09},
"case14":{"physical_error": 7.33899633811035e-05, "logical_error": 0.002083877370129273, "variance": 3.9080739304796374e-09},
"case13":{"physical_error": 6.0576382931429415e-05, "logical_error": 0.0013527701445174669, "variance": 1.5455405284128854e-09},
"case12":{"physical_error": 5e-05, "logical_error": 0.000867391431589841, "variance": 5.445073066880628e-10},
"case11":{"physical_error": 4.127020926340092e-05, "logical_error": 0.0006126978383163746, "variance": 3.0326097282543347e-10},
"case9":{"physical_error": 2.8117066259517457e-05, "logical_error": 0.0002460325255478846, "variance": 3.3405386144594644e-11},
"case8":{"physical_error": 2.3207944168063895e-05, "logical_error": 0.00016920381395226717, "variance": 1.7460412717007007e-11},
"case7":{"physical_error": 1.915593424778644e-05, "logical_error": 0.00011688815455354335, "variance": 8.743795350081874e-12},
"case6":{"physical_error": 1.5811388300841898e-05, "logical_error": 7.216738524372028e-05, "variance": 3.0245311584923306e-12},
"case10":{"physical_error": 3.406460345289807e-05, "logical_error": 0.00037940997057704754, "variance": 8.539466804048803e-11},
"case5":{"physical_error": 1.3050786078412685e-05, "logical_error": 5.032393440693674e-05, "variance": 1.4837572040178452e-12},
"case4":{"physical_error": 1.077217345015942e-05, "logical_error": 3.44554305971943e-05, "variance": 1.1219324955147675e-12},
"case2":{"physical_error": 7.338996338110348e-06, "logical_error": 1.6977967954396747e-05, "variance": 2.906338065722339e-13},
"case3":{"physical_error": 8.891397050194615e-06, "logical_error": 2.328916992272122e-05, "variance": 5.424028787671275e-13},
"case0":{"physical_error": 5e-06, "logical_error": 7.335372961237786e-06, "variance": 1.1500060038084062e-13},
"case1":{"physical_error": 6.057638293142942e-06, "logical_error": 1.1684386654840725e-05, "variance": 1.8249085676677008e-13},
"case1100":{"physical_error": 4.127020926340092e-06, "logical_error": 4.4071735149070564e-06, "variance": 6.532080078633804e-14},
"case1000":{"physical_error": 3.4064603452898063e-06, "logical_error": 3.8111527678496506e-06, "variance": 5.799655364006173e-14},
"case800":{"physical_error": 2.3207944168063893e-06, "logical_error": 1.963931497994439e-06, "variance": 2.8392229162940976e-14},
"case700":{"physical_error": 1.9155934247786437e-06, "logical_error": 1.2572614478811917e-06, "variance": 1.8038880342905328e-14},
"case900":{"physical_error": 2.8117066259517456e-06, "logical_error": 1.908400497466359e-06, "variance": 2.7828587152577215e-14},
"case100":{"physical_error": 6.057638293142942e-07, "logical_error": 1.2904528285005396e-07, "variance": 1.8502983362056035e-15},
"case500":{"physical_error": 1.3050786078412683e-06, "logical_error": 8.064012128274241e-07, "variance": 1.161219492945608e-14},
"case200":{"physical_error": 7.338996338110347e-07, "logical_error": 1.5986921572747316e-07, "variance": 2.26979887220914e-15},
"case1200":{"physical_error": 4.9999999999999996e-06, "logical_error": 6.842205124990148e-06, "variance": 1.1100867746338369e-13},
"case600":{"physical_error": 1.5811388300841896e-06, "logical_error": 6.095098585691672e-07, "variance": 8.646615221793253e-15},
"case300":{"physical_error": 8.891397050194613e-07, "logical_error": 2.2061580451378409e-07, "variance": 3.105614652689289e-15},
"case000":{"physical_error": 5e-07, "logical_error": 4.298830016093387e-08, "variance": 6.159979835755155e-16},
"case400":{"physical_error": 1.0772173450159418e-06, "logical_error": 3.9857750353267383e-07, "variance": 5.638784115657686e-15}
}