{
"case24":{"physical_error": 0.0005, "logical_error": 0.255758972606199, "variance": 5.092418265225135e-05},
"case23":{"physical_error": 0.00041270209263400933, "logical_error": 0.19716821172378657, "variance": 3.229792773982454e-05},
"case22":{"physical_error": 0.0003406460345289806, "logical_error": 0.14855740072580592, "variance": 1.920208996696377e-05},
"case21":{"physical_error": 0.00028117066259517455, "logical_error": 0.09693736713381579, "variance": 8.969609805592124e-06},
"case20":{"physical_error": 0.00023207944168063903, "logical_error": 0.0656773830738198, "variance": 4.251137172659029e-06},
"case19":{"physical_error": 0.00019155934247786437, "logical_error": 0.044578384908262325, "variance": 1.9978229262279625e-06},
"case18":{"physical_error": 0.00015811388300841897, "logical_error": 0.030472937576038417, "variance": 9.355410270349048e-07},
"case17":{"physical_error": 0.00013050786078412687, "logical_error": 0.01992506498445664, "variance": 3.9543461368063914e-07},
"case16":{"physical_error": 0.00010772173450159417, "logical_error": 0.012862601858418206, "variance": 1.608775041340561e-07},
"case15":{"physical_error": 8.891397050194615e-05, "logical_error": 0.008996930364787442, "variance": 7.793592101214121e-08},
"case14":{"physical_error": 7.33899633811035e-05, "logical_error": 0.005658426749509977, "variance": 2.8683520404573253e-08},
"case13":{"physical_error": 6.0576382931429415e-05, "logical_error": 0.0036332118065278904, "variance": 1.0763305641811742e-08},
"case12":{"physical_error": 5e-05, "logical_error": 0.0024778214893937524, "variance": 4.726699776663747e-09},
"case11":{"physical_error": 4.127020926340092e-05, "logical_error": 0.001549176773131578, "variance": 1.5094836647963042e-09},
"case10":{"physical_error": 3.406460345289807e-05, "logical_error": 0.001066203357299778, "variance": 7.042867879440811e-10},
"case9":{"physical_error": 2.8117066259517457e-05, "logical_error": 0.0007016832444248761, "variance": 2.451612142240689e-10},
"case8":{"physical_error": 2.3207944168063895e-05, "logical_error": 0.00046745735309891134, "variance": 1.0477341698736098e-10},
"case7":{"physical_error": 1.915593424778644e-05, "logical_error": 0.00032608163812946917, "variance": 5.042179981218971e-11},
"case6":{"physical_error": 1.5811388300841898e-05, "logical_error": 0.00020949561386199772, "variance": 1.5776146832068437e-11},
"case5":{"physical_error": 1.3050786078412685e-05, "logical_error": 0.00013984556910700557, "variance": 6.754752853916779e-12},
"case2":{"physical_error": 7.338996338110348e-06, "logical_error": 4.8507392645748694e-05, "variance": 1.0886493068046727e-12},
"case1":{"physical_error": 6.057638293142942e-06, "logical_error": 3.220948750194152e-05, "variance": 6.830284206276578e-13},
"case3":{"physical_error": 8.891397050194615e-06, "logical_error": 6.516928162871385e-05, "variance": 1.7617792517942593e-12},
"case4":{"physical_error": 1.077217345015942e-05, "logical_error": 9.141817970088725e-05, "variance": 3.5070669125839893e-12},
"case0":{"physical_error": 5e-06, "logical_error": 2.058270993250909e-05, "variance": 3.4846160936789246e-13},
"case1200":{"physical_error": 4.9999999999999996e-06, "logical_error": 2.0511067654413695e-05, "variance": 3.481534760294352e-13},
"case900":{"physical_error": 2.8117066259517456e-06, "logical_error": 5.6330901025221765e-06, "variance": 8.282854190630299e-14},
"case800":{"physical_error": 2.3207944168063893e-06, "logical_error": 4.689710121080705e-06, "variance": 6.937071586956601e-14},
"case1000":{"physical_error": 3.4064603452898063e-06, "logical_error": 1.0193263651036621e-05, "variance": 1.586226283360724e-13},
"case400":{"physical_error": 1.0772173450159418e-06, "logical_error": 7.140574126614251e-07, "variance": 1.0178727766623851e-14},
"case500":{"physical_error": 1.3050786078412683e-06, "logical_error": 1.555271318521582e-06, "variance": 2.239693402051723e-14},
"case1100":{"physical_error": 4.127020926340092e-06, "logical_error": 1.362027052219793e-05, "variance": 2.0662794450682883e-13},
"case600":{"physical_error": 1.5811388300841896e-06, "logical_error": 1.4990679912635397e-06, "variance": 2.1616177265387006e-14},
"case000":{"physical_error": 5e-07, "logical_error": 2.2925575700609175e-07, "variance": 3.284887632527262e-15},
"case100":{"physical_error": 6.057638293142942e-07, "logical_error": 2.4377422147834436e-07, "variance": 3.495639473963112e-15},
"case200":{"physical_error": 7.338996338110347e-07, "logical_error": 3.340877994356127e-07, "variance": 4.753523172457174e-15},
"case300":{"physical_error": 8.891397050194613e-07, "logical_error": 2.770822938468758e-07, "variance": 3.836387922883275e-15},
"case700":{"physical_error": 1.9155934247786437e-06, "logical_error": 2.6949045351233685e-06, "variance": 3.907796894919281e-14}
}