{
"case24":{"physical_error": 4.9999999999999996e-05, "logical_error": 0.5614610232919023, "variance": 0.000177034550958404},
"case23":{"physical_error": 4.127020926340093e-05, "logical_error": 0.5005904042127357, "variance": 0.00015315696983365305},
"case22":{"physical_error": 3.4064603452898055e-05, "logical_error": 0.41168866022914546, "variance": 0.00011937880941162526},
"case21":{"physical_error": 2.8117066259517454e-05, "logical_error": 0.364130711310088, "variance": 0.00010146399340458269},
"case20":{"physical_error": 2.32079441680639e-05, "logical_error": 0.31608547230119416, "variance": 8.340381356195609e-05},
"case19":{"physical_error": 1.9155934247786435e-05, "logical_error": 0.28231020049890787, "variance": 7.0715231585057e-05},
"case18":{"physical_error": 1.5811388300841894e-05, "logical_error": 0.24018127208399626, "variance": 5.490711831077474e-05},
"case17":{"physical_error": 1.3050786078412686e-05, "logical_error": 0.2215624850631468, "variance": 4.7909624077599573e-05},
"case16":{"physical_error": 1.0772173450159415e-05, "logical_error": 0.19755241495535122, "variance": 3.891218942925252e-05},
"case15":{"physical_error": 8.891397050194615e-06, "logical_error": 0.18355335224156893, "variance": 3.368403674270627e-05},
"case14":{"physical_error": 7.338996338110349e-06, "logical_error": 0.1633561722565209, "variance": 2.626009754323069e-05},
"case13":{"physical_error": 6.05763829314294e-06, "logical_error": 0.14807877732882743, "variance": 2.087538205227348e-05},
"case12":{"physical_error": 4.9999999999999996e-06, "logical_error": 0.13287514269260772, "variance": 1.590910666798713e-05},
"case11":{"physical_error": 4.127020926340092e-06, "logical_error": 0.11475686011150335, "variance": 1.0565261641293495e-05},
"case10":{"physical_error": 3.4064603452898063e-06, "logical_error": 0.10380512274978243, "variance": 8.354198458773117e-06},
"case9":{"physical_error": 2.8117066259517456e-06, "logical_error": 0.08620273203630605, "variance": 4.86956331196609e-06},
"case8":{"physical_error": 2.3207944168063893e-06, "logical_error": 0.07070693626962148, "variance": 2.7773908048957966e-06},
"case7":{"physical_error": 1.9155934247786437e-06, "logical_error": 0.058048449951963524, "variance": 1.7993706549641928e-06},
"case6":{"physical_error": 1.5811388300841896e-06, "logical_error": 0.04661414269156983, "variance": 1.1760068656327142e-06},
"case5":{"physical_error": 1.3050786078412683e-06, "logical_error": 0.035613865206880466, "variance": 6.501479218362695e-07},
"case4":{"physical_error": 1.0772173450159418e-06, "logical_error": 0.024949682586471192, "variance": 1.9290762842378374e-07},
"case3":{"physical_error": 8.891397050194613e-07, "logical_error": 0.018624980229615114, "variance": 1.1840113003192521e-07},
"case1":{"physical_error": 6.057638293142942e-07, "logical_error": 0.009448380699150312, "variance": 2.4585116296026695e-08},
"case2":{"physical_error": 7.338996338110347e-07, "logical_error": 0.013243959393226477, "variance": 5.0628985212660064e-08},
"case0":{"physical_error": 5e-07, "logical_error": 0.006515775490782738, "variance": 8.587854343841455e-09},
"case2400":{"physical_error": 5e-07, "logical_error": 0.006546171008097068, "variance": 9.242959277317542e-09},
"case2300":{"physical_error": 4.127020926340093e-07, "logical_error": 0.004724836586566752, "variance": 6.731966444841215e-09},
"case2200":{"physical_error": 3.406460345289806e-07, "logical_error": 0.0031047756972928694, "variance": 8.87897889260375e-10},
"case2100":{"physical_error": 2.8117066259517457e-07, "logical_error": 0.002189028541650837, "variance": 7.996602877172147e-10},
"case1800":{"physical_error": 1.5811388300841896e-07, "logical_error": 0.0006948063148437719, "variance": 3.7862511526224415e-11},
"case1900":{"physical_error": 1.9155934247786438e-07, "logical_error": 0.001031530236819301, "variance": 1.4300112454582795e-10},
"case100":{"physical_error": 6.057638293142942e-09, "logical_error": 1.0202403921804068e-06, "variance": 2.001712418916212e-15},
"case2000":{"physical_error": 2.32079441680639e-07, "logical_error": 0.0014920124479548408, "variance": 3.04043233789996e-10},
"case1600":{"physical_error": 1.0772173450159416e-07, "logical_error": 0.0003188915249689367, "variance": 6.323330723604899e-13},
"case1100":{"physical_error": 4.127020926340092e-08, "logical_error": 4.7485761056494874e-05, "variance": 1.3413156052119455e-13},
"case1500":{"physical_error": 8.891397050194615e-08, "logical_error": 0.00021948863956768754, "variance": 4.344419054853842e-13},
"case1300":{"physical_error": 6.057638293142941e-08, "logical_error": 0.00010284417310577773, "variance": 3.638813375613776e-13},
"case700":{"physical_error": 1.915593424778644e-08, "logical_error": 9.772495940848226e-06, "variance": 1.92001762995366e-14},
"case1400":{"physical_error": 7.338996338110349e-08, "logical_error": 0.00015039667498524415, "variance": 1.0201859089114792e-12},
"case000":{"physical_error": 5e-09, "logical_error": 8.12189480980906e-07, "variance": 1.5933617222609503e-15},
"case1200":{"physical_error": 5e-08, "logical_error": 6.903567707718702e-05, "variance": 2.2297743162653755e-13},
"case900":{"physical_error": 2.8117066259517456e-08, "logical_error": 2.182717893024129e-05, "variance": 4.292510496916562e-14},
"case1000":{"physical_error": 3.4064603452898065e-08, "logical_error": 3.2290965386922445e-05, "variance": 6.35370450075817e-14},
"case500":{"physical_error": 1.3050786078412684e-08, "logical_error": 4.700462628242403e-06, "variance": 9.5882483399619e-15},
"case200":{"physical_error": 7.3389963381103475e-09, "logical_error": 1.4447766041961914e-06, "variance": 2.86378488905467e-15},
"case800":{"physical_error": 2.3207944168063894e-08, "logical_error": 1.3704782668444023e-05, "variance": 2.6935475116776664e-14},
"case600":{"physical_error": 1.58113883008419e-08, "logical_error": 6.4417502086056714e-06, "variance": 1.2651263948192443e-14},
"case400":{"physical_error": 1.077217345015942e-08, "logical_error": 3.172240633061449e-06, "variance": 6.227172422058232e-15},
"case1700":{"physical_error": 1.3050786078412687e-07, "logical_error": 0.0004754662779801457, "variance": 1.122421097639143e-11},
"case300":{"physical_error": 8.891397050194614e-09, "logical_error": 2.6758818321442343e-06, "variance": 5.31013963377599e-15}
}