{
"case24":{"physical_error": 4.9999999999999996e-05, "logical_error": 0.5423212145243983, "variance": 0.0001699029733873317},
"case23":{"physical_error": 4.127020926340093e-05, "logical_error": 0.4742832479488764, "variance": 0.00014322692280185084},
"case22":{"physical_error": 3.4064603452898055e-05, "logical_error": 0.41148727534660834, "variance": 0.00011926879500116236},
"case21":{"physical_error": 2.8117066259517454e-05, "logical_error": 0.36737587644989667, "variance": 0.00010260327100706104},
"case20":{"physical_error": 2.32079441680639e-05, "logical_error": 0.3054412644407953, "variance": 7.92686750982192e-05},
"case19":{"physical_error": 1.9155934247786435e-05, "logical_error": 0.2637516014563963, "variance": 6.35721032458003e-05},
"case18":{"physical_error": 1.5811388300841894e-05, "logical_error": 0.24744193804672943, "variance": 5.734391219473874e-05},
"case17":{"physical_error": 1.3050786078412686e-05, "logical_error": 0.21552171555852134, "variance": 4.535204711426077e-05},
"case16":{"physical_error": 1.0772173450159415e-05, "logical_error": 0.18519709086111405, "variance": 3.4254900414064395e-05},
"case15":{"physical_error": 8.891397050194615e-06, "logical_error": 0.1583672402394799, "variance": 2.4948869377783592e-05},
"case14":{"physical_error": 7.338996338110349e-06, "logical_error": 0.13439925131511873, "variance": 1.7461597251365976e-05},
"case13":{"physical_error": 6.05763829314294e-06, "logical_error": 0.1135731049789131, "variance": 1.195693268114324e-05},
"case12":{"physical_error": 4.9999999999999996e-06, "logical_error": 0.09890810851287478, "variance": 9.020355344863477e-06},
"case11":{"physical_error": 4.127020926340092e-06, "logical_error": 0.07664043235254758, "variance": 4.977530157383951e-06},
"case10":{"physical_error": 3.4064603452898063e-06, "logical_error": 0.05910366923630875, "variance": 2.729674305129168e-06},
"case9":{"physical_error": 2.8117066259517456e-06, "logical_error": 0.04530509215083514, "variance": 1.5222224001112124e-06},
"case8":{"physical_error": 2.3207944168063893e-06, "logical_error": 0.03230436777559025, "variance": 6.543653861642036e-07},
"case7":{"physical_error": 1.9155934247786437e-06, "logical_error": 0.022701700850850416, "variance": 2.601761424283883e-07},
"case6":{"physical_error": 1.5811388300841896e-06, "logical_error": 0.01676874496964741, "variance": 1.473202054859845e-07},
"case5":{"physical_error": 1.3050786078412683e-06, "logical_error": 0.01100159471439343, "variance": 3.30483346620527e-08},
"case4":{"physical_error": 1.0772173450159418e-06, "logical_error": 0.008036824094039706, "variance": 2.263690091483244e-08},
"case2":{"physical_error": 7.338996338110347e-07, "logical_error": 0.003867629509261854, "variance": 4.996030576113568e-09},
"case1":{"physical_error": 6.057638293142942e-07, "logical_error": 0.002644916738333734, "variance": 1.7856553130857545e-09},
"case3":{"physical_error": 8.891397050194613e-07, "logical_error": 0.005513484097818472, "variance": 8.720579065239123e-09},
"case0":{"physical_error": 5e-07, "logical_error": 0.0017990309656909223, "variance": 6.632514616936063e-10},
"case2300":{"physical_error": 4.127020926340093e-07, "logical_error": 0.001250628613605593, "variance": 3.357707188508629e-10},
"case2100":{"physical_error": 2.8117066259517457e-07, "logical_error": 0.0005764202355886649, "variance": 5.336146426716306e-11},
"case2200":{"physical_error": 3.406460345289806e-07, "logical_error": 0.0008355662676753664, "variance": 8.467844723655272e-11},
"case1900":{"physical_error": 1.9155934247786438e-07, "logical_error": 0.0002656278636030786, "variance": 8.613039245966252e-12},
"case2000":{"physical_error": 2.32079441680639e-07, "logical_error": 0.0003955434647304794, "variance": 1.961903995439076e-11},
"case2400":{"physical_error": 5e-07, "logical_error": 0.0017755298321947197, "variance": 5.229144841819786e-10},
"case1700":{"physical_error": 1.3050786078412687e-07, "logical_error": 0.00012086407980480808, "variance": 1.035998731904704e-12},
"case1800":{"physical_error": 1.5811388300841896e-07, "logical_error": 0.00017687914677408658, "variance": 2.905829670266155e-12},
"case1600":{"physical_error": 1.0772173450159416e-07, "logical_error": 8.258727229820158e-05, "variance": 1.637927464016448e-13},
"case1400":{"physical_error": 7.338996338110349e-08, "logical_error": 4.2137985779408975e-05, "variance": 1.8728158477030311e-13},
"case1300":{"physical_error": 6.057638293142941e-08, "logical_error": 2.6576993876814508e-05, "variance": 5.2437758242630726e-14},
"case1000":{"physical_error": 3.4064603452898065e-08, "logical_error": 8.007337862231676e-06, "variance": 1.5757547220429822e-14},
"case800":{"physical_error": 2.3207944168063894e-08, "logical_error": 4.263194158421592e-06, "variance": 8.37935658478561e-15},
"case1100":{"physical_error": 4.127020926340092e-08, "logical_error": 1.2045312282202166e-05, "variance": 2.7837268237838645e-14},
"case1200":{"physical_error": 5e-08, "logical_error": 1.8248772847177137e-05, "variance": 4.372018943298704e-14},
"case000":{"physical_error": 5e-09, "logical_error": 1.549875138919821e-07, "variance": 3.0406492990401703e-16},
"case1500":{"physical_error": 8.891397050194615e-08, "logical_error": 5.9678557595083245e-05, "variance": 2.7212993588984017e-13},
"case300":{"physical_error": 8.891397050194614e-09, "logical_error": 6.514788971489483e-07, "variance": 1.2856457443389835e-15},
"case200":{"physical_error": 7.3389963381103475e-09, "logical_error": 4.460350904456072e-07, "variance": 8.744659582057601e-16},
"case700":{"physical_error": 1.915593424778644e-08, "logical_error": 3.080722443290891e-06, "variance": 6.2152831550351174e-15},
"case600":{"physical_error": 1.58113883008419e-08, "logical_error": 1.7205358384963648e-06, "variance": 3.3792734835050103e-15},
"case400":{"physical_error": 1.077217345015942e-08, "logical_error": 9.206278988491798e-07, "variance": 1.80715507065982e-15},
"case100":{"physical_error": 6.057638293142942e-09, "logical_error": 8.829286106306017e-08, "variance": 1.7323620699335216e-16},
"case500":{"physical_error": 1.3050786078412684e-08, "logical_error": 1.3966940238645404e-06, "variance": 2.776641018379456e-15},
"case900":{"physical_error": 2.8117066259517456e-08, "logical_error": 6.163526984900539e-06, "variance": 1.212159058506609e-14}
}