{
"case24":{"physical_error": 0.0005, "logical_error": 0.3796788431697669, "variance": 0.000107821804439511},
"case23":{"physical_error": 0.00041270209263400933, "logical_error": 0.31904550311831353, "variance": 8.433621955217622e-05},
"case22":{"physical_error": 0.0003406460345289806, "logical_error": 0.2841282380722473, "variance": 7.07038497350652e-05},
"case21":{"physical_error": 0.00028117066259517455, "logical_error": 0.24497303756449587, "variance": 5.580829927415921e-05},
"case20":{"physical_error": 0.00023207944168063903, "logical_error": 0.21036160841413876, "variance": 4.2765418166403124e-05},
"case19":{"physical_error": 0.00019155934247786437, "logical_error": 0.1691464779934735, "variance": 2.856223974906998e-05},
"case18":{"physical_error": 0.00015811388300841897, "logical_error": 0.1382894298857304, "variance": 1.910316451713171e-05},
"case17":{"physical_error": 0.00013050786078412687, "logical_error": 0.11455835409009218, "variance": 1.3114273126621417e-05},
"case16":{"physical_error": 0.00010772173450159417, "logical_error": 0.0826247437120036, "variance": 6.47808077954484e-06},
"case15":{"physical_error": 8.891397050194615e-05, "logical_error": 0.062080288071408425, "variance": 3.501229993304784e-06},
"case14":{"physical_error": 7.33899633811035e-05, "logical_error": 0.04456376016642069, "variance": 1.6646780748123222e-06},
"case13":{"physical_error": 6.0576382931429415e-05, "logical_error": 0.031093556412571402, "variance": 7.138622410224662e-07},
"case12":{"physical_error": 5e-05, "logical_error": 0.0223112743262417, "variance": 3.4813627518494714e-07},
"case11":{"physical_error": 4.127020926340092e-05, "logical_error": 0.015572774750437609, "variance": 1.5545631158452915e-07},
"case10":{"physical_error": 3.406460345289807e-05, "logical_error": 0.010603370868447112, "variance": 6.035595221125039e-08},
"case9":{"physical_error": 2.8117066259517457e-05, "logical_error": 0.007610685079314293, "variance": 3.3252614655860367e-08},
"case8":{"physical_error": 2.3207944168063895e-05, "logical_error": 0.005028524403705568, "variance": 1.11540897858413e-08},
"case6":{"physical_error": 1.5811388300841898e-05, "logical_error": 0.0023214864523669345, "variance": 1.7396796467288345e-09},
"case7":{"physical_error": 1.915593424778644e-05, "logical_error": 0.00345061627210223, "variance": 4.856686424314314e-09},
"case4":{"physical_error": 1.077217345015942e-05, "logical_error": 0.0010493582680699233, "variance": 1.6419428099947966e-10},
"case5":{"physical_error": 1.3050786078412685e-05, "logical_error": 0.0015929271455176293, "variance": 7.533242641012876e-10},
"case3":{"physical_error": 8.891397050194615e-06, "logical_error": 0.0007169355939611516, "variance": 6.35390258044832e-11},
"case1":{"physical_error": 6.057638293142942e-06, "logical_error": 0.00033299791875486323, "variance": 2.1442045448192448e-11},
"case2":{"physical_error": 7.338996338110348e-06, "logical_error": 0.0004814854866590514, "variance": 2.197874037423625e-11},
"case0":{"physical_error": 5e-06, "logical_error": 0.00022524828143502797, "variance": 9.05253263470512e-12},
"case1200":{"physical_error": 4.9999999999999996e-06, "logical_error": 0.0002252495111435256, "variance": 1.055630564326061e-11},
"case1000":{"physical_error": 3.4064603452898063e-06, "logical_error": 0.00010733977901802069, "variance": 2.841721127705513e-12},
"case800":{"physical_error": 2.3207944168063893e-06, "logical_error": 4.957769602751811e-05, "variance": 9.43625039955636e-13},
"case300":{"physical_error": 8.891397050194613e-07, "logical_error": 7.186289636529889e-06, "variance": 1.0424252642645646e-13},
"case1100":{"physical_error": 4.127020926340092e-06, "logical_error": 0.00016358137340368012, "variance": 6.0265156600737585e-12},
"case900":{"physical_error": 2.8117066259517456e-06, "logical_error": 7.176542486217984e-05, "variance": 1.4696294165119642e-12},
"case600":{"physical_error": 1.5811388300841896e-06, "logical_error": 2.419378409066578e-05, "variance": 3.7945389839471324e-13},
"case700":{"physical_error": 1.9155934247786437e-06, "logical_error": 3.167296593634916e-05, "variance": 4.739012954481556e-13},
"case500":{"physical_error": 1.3050786078412683e-06, "logical_error": 1.3782690562806226e-05, "variance": 2.1295205052274603e-13},
"case400":{"physical_error": 1.0772173450159418e-06, "logical_error": 1.0425156578662048e-05, "variance": 1.4990881336499392e-13},
"case200":{"physical_error": 7.338996338110347e-07, "logical_error": 5.3199429619256045e-06, "variance": 7.655862430449145e-14},
"case100":{"physical_error": 6.057638293142942e-07, "logical_error": 2.750182657081475e-06, "variance": 3.9403906679390594e-14},
"case000":{"physical_error": 5e-07, "logical_error": 2.636546983195595e-06, "variance": 3.777923910107497e-14}
}