{
"case24":{"physical_error": 9.999999999999999e-05, "logical_error": 0.3240401626017644, "variance": 8.60033069599773e-05},
"case23":{"physical_error": 8.254041852680186e-05, "logical_error": 0.2825177205463172, "variance": 7.001449147139683e-05},
"case22":{"physical_error": 6.812920690579611e-05, "logical_error": 0.23529188955894825, "variance": 5.214340929499701e-05},
"case21":{"physical_error": 5.623413251903491e-05, "logical_error": 0.20112679338819583, "variance": 3.951425490149939e-05},
"case20":{"physical_error": 4.64158883361278e-05, "logical_error": 0.16407202670241594, "variance": 2.6902480426950434e-05},
"case19":{"physical_error": 3.831186849557287e-05, "logical_error": 0.14016065374023712, "variance": 1.9666422634309376e-05},
"case18":{"physical_error": 3.162277660168379e-05, "logical_error": 0.10484256911828399, "variance": 1.0739501870255554e-05},
"case17":{"physical_error": 2.6101572156825373e-05, "logical_error": 0.0797346753135862, "variance": 5.9370674091564395e-06},
"case16":{"physical_error": 2.154434690031883e-05, "logical_error": 0.06133565818983352, "variance": 3.403713914685928e-06},
"case15":{"physical_error": 1.778279410038923e-05, "logical_error": 0.04580974764811077, "variance": 1.8486614105111293e-06},
"case14":{"physical_error": 1.4677992676220699e-05, "logical_error": 0.033160627411641545, "variance": 9.221109375325781e-07},
"case13":{"physical_error": 1.211527658628588e-05, "logical_error": 0.022564005262303077, "variance": 3.682792491648521e-07},
"case12":{"physical_error": 9.999999999999999e-06, "logical_error": 0.015119175337600172, "variance": 1.3401872492679908e-07},
"case11":{"physical_error": 8.254041852680183e-06, "logical_error": 0.010999574237673912, "variance": 7.667301564296258e-08},
"case10":{"physical_error": 6.812920690579613e-06, "logical_error": 0.007482241563421025, "variance": 3.136971380122261e-08},
"case9":{"physical_error": 5.623413251903491e-06, "logical_error": 0.005049842401716394, "variance": 1.1725240418254693e-08},
"case8":{"physical_error": 4.6415888336127786e-06, "logical_error": 0.003369664918736198, "variance": 3.928931505753816e-09},
"case5":{"physical_error": 2.6101572156825365e-06, "logical_error": 0.00105857865482994, "variance": 2.1877157000391215e-10},
"case6":{"physical_error": 3.162277660168379e-06, "logical_error": 0.0015746141269113612, "variance": 6.376819821460294e-10},
"case7":{"physical_error": 3.8311868495572874e-06, "logical_error": 0.002276233488399424, "variance": 1.5770841839911098e-09},
"case4":{"physical_error": 2.1544346900318835e-06, "logical_error": 0.000714376980821948, "variance": 7.351487320729984e-11},
"case3":{"physical_error": 1.7782794100389227e-06, "logical_error": 0.0004955499533560585, "variance": 5.3528902155633626e-11},
"case2":{"physical_error": 1.4677992676220694e-06, "logical_error": 0.00032959903758632985, "variance": 1.1992787552216526e-11},
"case0":{"physical_error": 1e-06, "logical_error": 0.0001533378950238075, "variance": 1.9614245171647697e-12},
"case1":{"physical_error": 1.2115276586285884e-06, "logical_error": 0.00022360574295718456, "variance": 3.48164866314431e-12},
"case1200":{"physical_error": 1e-06, "logical_error": 0.00015188403255285936, "variance": 3.3884638154370656e-12},
"case800":{"physical_error": 4.6415888336127784e-07, "logical_error": 3.545494352713168e-05, "variance": 2.104003226739743e-13},
"case1000":{"physical_error": 6.812920690579613e-07, "logical_error": 7.099655017672884e-05, "variance": 6.442843535672404e-13},
"case500":{"physical_error": 2.610157215682537e-07, "logical_error": 1.071147745913171e-05, "variance": 5.4492362013611215e-14},
"case1100":{"physical_error": 8.254041852680183e-07, "logical_error": 0.00010520957220288925, "variance": 1.0342974865487773e-12},
"case400":{"physical_error": 2.1544346900318838e-07, "logical_error": 6.308280285682796e-06, "variance": 3.132043191186358e-14},
"case100":{"physical_error": 1.2115276586285883e-07, "logical_error": 2.011042390146332e-06, "variance": 9.606393099680453e-15},
"case700":{"physical_error": 3.8311868495572876e-07, "logical_error": 2.1599584692393942e-05, "variance": 1.3254721682379906e-13},
"case600":{"physical_error": 3.162277660168379e-07, "logical_error": 1.7682914007900633e-05, "variance": 9.545026899915697e-14},
"case000":{"physical_error": 1e-07, "logical_error": 1.4322738564904565e-06, "variance": 6.838027999953482e-15},
"case200":{"physical_error": 1.4677992676220693e-07, "logical_error": 3.455941336758109e-06, "variance": 1.6519405979409993e-14},
"case900":{"physical_error": 5.623413251903491e-07, "logical_error": 4.924612783997662e-05, "variance": 4.4984025436589156e-13},
"case300":{"physical_error": 1.7782794100389227e-07, "logical_error": 4.630518580769016e-06, "variance": 2.215051893269329e-14}
}