{
"case24":{"physical_error": 0.0005, "logical_error": 0.3601867082621238, "variance": 9.685006784607066e-05},
"case23":{"physical_error": 0.00041270209263400933, "logical_error": 0.28972052710526774, "variance": 6.946920483586086e-05},
"case22":{"physical_error": 0.0003406460345289806, "logical_error": 0.2225168553430916, "variance": 4.49916532170635e-05},
"case21":{"physical_error": 0.00028117066259517455, "logical_error": 0.18511761465008547, "variance": 3.189297812829404e-05},
"case20":{"physical_error": 0.00023207944168063903, "logical_error": 0.13765852230246806, "variance": 1.8533677688031164e-05},
"case19":{"physical_error": 0.00019155934247786437, "logical_error": 0.1047847517753995, "variance": 1.0908567439412154e-05},
"case18":{"physical_error": 0.00015811388300841897, "logical_error": 0.06958285813086866, "variance": 4.794555279557468e-06},
"case17":{"physical_error": 0.00013050786078412687, "logical_error": 0.052479290776106774, "variance": 2.743513397224631e-06},
"case16":{"physical_error": 0.00010772173450159417, "logical_error": 0.034358096875401055, "variance": 1.115503575601472e-06},
"case15":{"physical_error": 8.891397050194615e-05, "logical_error": 0.024963410784933464, "variance": 5.85719435305666e-07},
"case14":{"physical_error": 7.33899633811035e-05, "logical_error": 0.016452789753615832, "variance": 2.3592068839109837e-07},
"case13":{"physical_error": 6.0576382931429415e-05, "logical_error": 0.010894814690461878, "variance": 9.342352581131578e-08},
"case12":{"physical_error": 5e-05, "logical_error": 0.00736162879920353, "variance": 3.982589086215382e-08},
"case11":{"physical_error": 4.127020926340092e-05, "logical_error": 0.005062695065919241, "variance": 1.800482927824078e-08},
"case10":{"physical_error": 3.406460345289807e-05, "logical_error": 0.0033600270644797673, "variance": 6.940710430260452e-09},
"case9":{"physical_error": 2.8117066259517457e-05, "logical_error": 0.002195520978394754, "variance": 2.374184011134731e-09},
"case8":{"physical_error": 2.3207944168063895e-05, "logical_error": 0.0015089322044381237, "variance": 1.0253835976171416e-09},
"case7":{"physical_error": 1.915593424778644e-05, "logical_error": 0.0010204931133131641, "variance": 4.844276088233751e-10},
"case6":{"physical_error": 1.5811388300841898e-05, "logical_error": 0.0006714981560574137, "variance": 1.1774037686606163e-10},
"case5":{"physical_error": 1.3050786078412685e-05, "logical_error": 0.00045632926488913114, "variance": 5.276793688414624e-11},
"case4":{"physical_error": 1.077217345015942e-05, "logical_error": 0.00030660674647426387, "variance": 2.646775939069396e-11},
"case3":{"physical_error": 8.891397050194615e-06, "logical_error": 0.0002097930204471812, "variance": 9.720054349548258e-12},
"case2":{"physical_error": 7.338996338110348e-06, "logical_error": 0.0001420052459021736, "variance": 6.828691084351196e-12},
"case1":{"physical_error": 6.057638293142942e-06, "logical_error": 9.171880073324461e-05, "variance": 2.6381501167375006e-12},
"case0":{"physical_error": 5e-06, "logical_error": 6.48127192766914e-05, "variance": 1.3570433382143304e-12},
"case1200":{"physical_error": 4.9999999999999996e-06, "logical_error": 6.44244222037602e-05, "variance": 1.1814384642046583e-12},
"case800":{"physical_error": 2.3207944168063893e-06, "logical_error": 1.3373474615050253e-05, "variance": 2.0296700150935504e-13},
"case1100":{"physical_error": 4.127020926340092e-06, "logical_error": 4.280352215986829e-05, "variance": 8.08958698523474e-13},
"case700":{"physical_error": 1.9155934247786437e-06, "logical_error": 8.730530602225314e-06, "variance": 1.2739667981511325e-13},
"case200":{"physical_error": 7.338996338110347e-07, "logical_error": 1.4638546306242695e-06, "variance": 2.1008533133334472e-14},
"case1000":{"physical_error": 3.4064603452898063e-06, "logical_error": 2.8451383571854552e-05, "variance": 4.418854252208509e-13},
"case600":{"physical_error": 1.5811388300841896e-06, "logical_error": 6.739032147188439e-06, "variance": 9.926160173391824e-14},
"case900":{"physical_error": 2.8117066259517456e-06, "logical_error": 2.007535593120072e-05, "variance": 3.0514812492304347e-13},
"case400":{"physical_error": 1.0772173450159418e-06, "logical_error": 2.9863482854222635e-06, "variance": 4.289509015691827e-14},
"case500":{"physical_error": 1.3050786078412683e-06, "logical_error": 4.47007898185285e-06, "variance": 6.448822360566512e-14},
"case100":{"physical_error": 6.057638293142942e-07, "logical_error": 8.89055355741161e-07, "variance": 1.2748700412452295e-14},
"case000":{"physical_error": 5e-07, "logical_error": 7.223226650643332e-07, "variance": 1.0301331303030175e-14},
"case300":{"physical_error": 8.891397050194613e-07, "logical_error": 2.256404812272001e-06, "variance": 3.2310871851471846e-14}
}