{
"case24":{"physical_error": 0.001, "logical_error": 0.22116439653709266, "variance": 4.797946092016707e-05},
"case23":{"physical_error": 0.0008254041852680187, "logical_error": 0.21564924740477137, "variance": 4.587467503701938e-05},
"case22":{"physical_error": 0.0006812920690579612, "logical_error": 0.183744978306148, "variance": 3.385375497914924e-05},
"case21":{"physical_error": 0.0005623413251903491, "logical_error": 0.16726639864653686, "variance": 2.7651566742887714e-05},
"case20":{"physical_error": 0.00046415888336127806, "logical_error": 0.151116197707678, "variance": 2.1549443122368707e-05},
"case19":{"physical_error": 0.00038311868495572875, "logical_error": 0.15071732888737202, "variance": 2.138460636385894e-05},
"case18":{"physical_error": 0.00031622776601683794, "logical_error": 0.13648786630234, "variance": 1.6037337488154914e-05},
"case17":{"physical_error": 0.00026101572156825374, "logical_error": 0.1252803143176488, "variance": 1.1844460382873065e-05},
"case16":{"physical_error": 0.00021544346900318834, "logical_error": 0.12143740868778671, "variance": 1.0404734875189178e-05},
"case15":{"physical_error": 0.0001778279410038923, "logical_error": 0.11174235037422095, "variance": 6.764474590967663e-06},
"case14":{"physical_error": 0.000146779926762207, "logical_error": 0.11162490088380904, "variance": 6.749603845311818e-06},
"case13":{"physical_error": 0.00012115276586285883, "logical_error": 0.10898927565153403, "variance": 5.86304734815717e-06},
"case12":{"physical_error": 0.0001, "logical_error": 0.10542385746469242, "variance": 4.804800492629224e-06},
"case11":{"physical_error": 8.254041852680184e-05, "logical_error": 0.10083881224962635, "variance": 3.697621285857747e-06},
"case10":{"physical_error": 6.812920690579614e-05, "logical_error": 0.09679315754519421, "variance": 3.3053581729853547e-06},
"case9":{"physical_error": 5.6234132519034914e-05, "logical_error": 0.09082198271640829, "variance": 2.9111046842659302e-06},
"case8":{"physical_error": 4.641588833612779e-05, "logical_error": 0.07874200621833402, "variance": 1.3350738539689204e-06},
"case6":{"physical_error": 3.1622776601683795e-05, "logical_error": 0.05818520727808269, "variance": 8.525428846064567e-07},
"case7":{"physical_error": 3.831186849557288e-05, "logical_error": 0.06746908657495058, "variance": 6.808900975436247e-07},
"case5":{"physical_error": 2.610157215682537e-05, "logical_error": 0.04500181921577985, "variance": 2.497991724113261e-07},
"case1":{"physical_error": 1.2115276586285884e-05, "logical_error": 0.014433623315959328, "variance": 2.9334593203136947e-08},
"case2":{"physical_error": 1.4677992676220695e-05, "logical_error": 0.01970511167203979, "variance": 4.802999519406639e-08},
"case3":{"physical_error": 1.778279410038923e-05, "logical_error": 0.026427610057777648, "variance": 6.745837061617597e-08},
"case4":{"physical_error": 2.154434690031884e-05, "logical_error": 0.03576317933853607, "variance": 2.2641278974443757e-07},
"case0":{"physical_error": 1e-05, "logical_error": 0.009998267504944699, "variance": 5.743046369910513e-09},
"case600":{"physical_error": 3.162277660168379e-06, "logical_error": 0.001140572056136898, "variance": 1.3438682435989924e-10},
"case1200":{"physical_error": 9.999999999999999e-06, "logical_error": 0.010101866437576474, "variance": 7.3889218925002106e-09},
"case1100":{"physical_error": 8.254041852680183e-06, "logical_error": 0.00708289233280345, "variance": 2.2791625066865395e-09},
"case100":{"physical_error": 1.2115276586285884e-06, "logical_error": 0.00016969407984036334, "variance": 1.6998867020583005e-11},
"case1000":{"physical_error": 6.812920690579613e-06, "logical_error": 0.004985002596959818, "variance": 1.648367265930947e-09},
"case400":{"physical_error": 2.1544346900318835e-06, "logical_error": 0.0005308392315470172, "variance": 5.324835407207629e-11},
"case000":{"physical_error": 1e-06, "logical_error": 0.00011432869080856119, "variance": 1.1823618863274001e-11},
"case500":{"physical_error": 2.6101572156825365e-06, "logical_error": 0.0007734729003477466, "variance": 7.76255777309401e-11},
"case300":{"physical_error": 1.7782794100389227e-06, "logical_error": 0.00036712883595496604, "variance": 3.680600278253642e-11},
"case900":{"physical_error": 5.623413251903491e-06, "logical_error": 0.0034492869001699835, "variance": 5.346392527597819e-10},
"case200":{"physical_error": 1.4677992676220694e-06, "logical_error": 0.0002510279116983015, "variance": 2.5155693593457194e-11},
"case700":{"physical_error": 3.8311868495572874e-06, "logical_error": 0.0016378345717712561, "variance": 1.646615974764676e-10},
"case800":{"physical_error": 4.6415888336127786e-06, "logical_error": 0.0024108171672783682, "variance": 5.020460343350592e-10}
}