{
"case24":{"physical_error": 0.001, "logical_error": 0.22504140166022327, "variance": 4.929586354502016e-05},
"case23":{"physical_error": 0.0008254041852680187, "logical_error": 0.1894728927380843, "variance": 3.595538891064246e-05},
"case22":{"physical_error": 0.0006812920690579612, "logical_error": 0.17537818065876093, "variance": 3.085610245458628e-05},
"case21":{"physical_error": 0.0005623413251903491, "logical_error": 0.15142621092554875, "variance": 2.261125968534393e-05},
"case20":{"physical_error": 0.00046415888336127806, "logical_error": 0.13045785158875073, "variance": 1.6423238870691936e-05},
"case19":{"physical_error": 0.00038311868495572875, "logical_error": 0.10879587929973453, "variance": 1.1061940943096622e-05},
"case18":{"physical_error": 0.00031622776601683794, "logical_error": 0.08535246418646758, "variance": 6.3663675641489535e-06},
"case17":{"physical_error": 0.00026101572156825374, "logical_error": 0.06365267020164957, "variance": 3.092601926874778e-06},
"case16":{"physical_error": 0.00021544346900318834, "logical_error": 0.04951480280460237, "variance": 1.8023136787394982e-06},
"case15":{"physical_error": 0.0001778279410038923, "logical_error": 0.03676199442267259, "variance": 9.375233505841336e-07},
"case14":{"physical_error": 0.000146779926762207, "logical_error": 0.026149095298779276, "variance": 4.0615467186388776e-07},
"case13":{"physical_error": 0.00012115276586285883, "logical_error": 0.018712446752006073, "variance": 1.9781965920412588e-07},
"case12":{"physical_error": 0.0001, "logical_error": 0.012597035000380771, "variance": 6.316235855706042e-08},
"case11":{"physical_error": 8.254041852680184e-05, "logical_error": 0.008954475900789308, "variance": 3.1852581233191614e-08},
"case10":{"physical_error": 6.812920690579614e-05, "logical_error": 0.006083571422539677, "variance": 1.0848221069473103e-08},
"case9":{"physical_error": 5.6234132519034914e-05, "logical_error": 0.004271839407070611, "variance": 5.894361641391961e-09},
"case8":{"physical_error": 4.641588833612779e-05, "logical_error": 0.002908969178320241, "variance": 1.8819673286502184e-09},
"case5":{"physical_error": 2.610157215682537e-05, "logical_error": 0.0009512268452836609, "variance": 2.982946365713683e-10},
"case7":{"physical_error": 3.831186849557288e-05, "logical_error": 0.0019825946989391213, "variance": 6.768547186008684e-10},
"case4":{"physical_error": 2.154434690031884e-05, "logical_error": 0.0006526374762235699, "variance": 1.3874405388189753e-10},
"case6":{"physical_error": 3.1622776601683795e-05, "logical_error": 0.0013434086914864975, "variance": 3.4385521191650086e-10},
"case2":{"physical_error": 1.4677992676220695e-05, "logical_error": 0.0003102016705985681, "variance": 4.150900202057931e-11},
"case1":{"physical_error": 1.2115276586285884e-05, "logical_error": 0.00020093965831105706, "variance": 2.162280731954344e-11},
"case3":{"physical_error": 1.778279410038923e-05, "logical_error": 0.000448396130099104, "variance": 6.995867683633052e-11},
"case0":{"physical_error": 1e-05, "logical_error": 0.00013642443866084992, "variance": 1.4653678777356742e-11},
"case1200":{"physical_error": 9.999999999999999e-06, "logical_error": 0.000137703958981791, "variance": 1.496068759962636e-11},
"case700":{"physical_error": 3.8311868495572874e-06, "logical_error": 2.3384614598823476e-05, "variance": 2.348240414904699e-12},
"case1100":{"physical_error": 8.254041852680183e-06, "logical_error": 9.151469103392551e-05, "variance": 9.347039559450778e-12},
"case200":{"physical_error": 1.4677992676220694e-06, "logical_error": 3.1186309031355838e-06, "variance": 3.114784761466688e-13},
"case400":{"physical_error": 2.1544346900318835e-06, "logical_error": 6.33516679361967e-06, "variance": 6.341026174926763e-13},
"case800":{"physical_error": 4.6415888336127786e-06, "logical_error": 3.1752893024908454e-05, "variance": 3.2025056932307414e-12},
"case300":{"physical_error": 1.7782794100389227e-06, "logical_error": 3.5240579851283075e-06, "variance": 3.5204782711073577e-13},
"case500":{"physical_error": 2.6101572156825365e-06, "logical_error": 9.6841294051139e-06, "variance": 9.695732548300047e-13},
"case900":{"physical_error": 5.623413251903491e-06, "logical_error": 4.252170617849954e-05, "variance": 4.321759433755085e-12},
"case1000":{"physical_error": 6.812920690579613e-06, "logical_error": 6.376255923514116e-05, "variance": 6.4787828654493864e-12},
"case600":{"physical_error": 3.162277660168379e-06, "logical_error": 1.3304170154680261e-05, "variance": 1.3340198381297859e-12},
"case100":{"physical_error": 1.2115276586285884e-06, "logical_error": 2.1035318299424732e-06, "variance": 2.1070695998005384e-13},
"case000":{"physical_error": 1e-06, "logical_error": 2.002838021476432e-06, "variance": 2.0056800701358147e-13}
}