{
"case24":{"physical_error": 0.0005, "logical_error": 0.3818397180575068, "variance": 0.00010871922329781179},
"case23":{"physical_error": 0.00041270209263400933, "logical_error": 0.3334525462946508, "variance": 9.020283921191405e-05},
"case22":{"physical_error": 0.0003406460345289806, "logical_error": 0.2755500022468402, "variance": 6.82862325469456e-05},
"case21":{"physical_error": 0.00028117066259517455, "logical_error": 0.2448916264375468, "variance": 5.672821574467819e-05},
"case20":{"physical_error": 0.00023207944168063903, "logical_error": 0.21953559735018602, "variance": 4.717789641962633e-05},
"case19":{"physical_error": 0.00019155934247786437, "logical_error": 0.2111918918862952, "variance": 4.405606303284027e-05},
"case18":{"physical_error": 0.00015811388300841897, "logical_error": 0.1832297612771362, "variance": 3.3584495888794345e-05},
"case17":{"physical_error": 0.00013050786078412687, "logical_error": 0.16485910072694906, "variance": 2.6892474491034245e-05},
"case16":{"physical_error": 0.00010772173450159417, "logical_error": 0.14143263534513362, "variance": 1.8782817620848732e-05},
"case15":{"physical_error": 8.891397050194615e-05, "logical_error": 0.12323605208894856, "variance": 1.3322845286712005e-05},
"case14":{"physical_error": 7.33899633811035e-05, "logical_error": 0.1157142325074299, "variance": 1.205652802387765e-05},
"case13":{"physical_error": 6.0576382931429415e-05, "logical_error": 0.09354389101729935, "variance": 7.124391489872969e-06},
"case12":{"physical_error": 5e-05, "logical_error": 0.07637336745005625, "variance": 4.48370794687989e-06},
"case11":{"physical_error": 4.127020926340092e-05, "logical_error": 0.05806132855511625, "variance": 2.1992042052409215e-06},
"case9":{"physical_error": 2.8117066259517457e-05, "logical_error": 0.03442009891271146, "variance": 7.551355560970757e-07},
"case10":{"physical_error": 3.406460345289807e-05, "logical_error": 0.04148231319482417, "variance": 7.573045112026862e-07},
"case8":{"physical_error": 2.3207944168063895e-05, "logical_error": 0.0231246995778661, "variance": 2.051034362526025e-07},
"case7":{"physical_error": 1.915593424778644e-05, "logical_error": 0.016413593522407826, "variance": 8.340136238314325e-08},
"case6":{"physical_error": 1.5811388300841898e-05, "logical_error": 0.011989975596441556, "variance": 5.1043383468475e-08},
"case5":{"physical_error": 1.3050786078412685e-05, "logical_error": 0.008130171754840508, "variance": 1.526324785987933e-08},
"case3":{"physical_error": 8.891397050194615e-06, "logical_error": 0.003954000461666958, "variance": 3.2070096903152957e-09},
"case2":{"physical_error": 7.338996338110348e-06, "logical_error": 0.0027302970274031787, "variance": 1.2502875680152647e-09},
"case4":{"physical_error": 1.077217345015942e-05, "logical_error": 0.0056955636656121295, "variance": 7.540862362105541e-09},
"case0":{"physical_error": 5e-06, "logical_error": 0.0013070761309624276, "variance": 3.744343604848273e-10},
"case1":{"physical_error": 6.057638293142942e-06, "logical_error": 0.0018490176987265687, "variance": 3.8826226354076894e-10},
"case1100":{"physical_error": 4.127020926340092e-06, "logical_error": 0.000890466223221542, "variance": 9.70390355616706e-11},
"case1200":{"physical_error": 4.9999999999999996e-06, "logical_error": 0.0012630782427421145, "variance": 1.6366114616970555e-10},
"case1000":{"physical_error": 3.4064603452898063e-06, "logical_error": 0.0005995832477409366, "variance": 3.063796911319659e-11},
"case900":{"physical_error": 2.8117066259517456e-06, "logical_error": 0.00040352077844788795, "variance": 1.6116593234946968e-11},
"case800":{"physical_error": 2.3207944168063893e-06, "logical_error": 0.0002805419373737076, "variance": 7.757611734425837e-12},
"case300":{"physical_error": 8.891397050194613e-07, "logical_error": 4.064979357553627e-05, "variance": 6.565286322698376e-13},
"case700":{"physical_error": 1.9155934247786437e-06, "logical_error": 0.00019407205071740447, "variance": 4.0830586617432725e-12},
"case400":{"physical_error": 1.0772173450159418e-06, "logical_error": 6.0599806602537e-05, "variance": 9.344972236635689e-13},
"case500":{"physical_error": 1.3050786078412683e-06, "logical_error": 8.647448354716748e-05, "variance": 1.2452683271855683e-12},
"case000":{"physical_error": 5e-07, "logical_error": 1.2159655702650327e-05, "variance": 1.8015333377581256e-13},
"case100":{"physical_error": 6.057638293142942e-07, "logical_error": 2.20626263811937e-05, "variance": 3.213758626719163e-13},
"case200":{"physical_error": 7.338996338110347e-07, "logical_error": 2.7303536729210043e-05, "variance": 4.0564691252702643e-13},
"case600":{"physical_error": 1.5811388300841896e-06, "logical_error": 0.00012653438991875918, "variance": 2.0971370436262967e-12}
}