{
"case24":{"physical_error": 0.001, "logical_error": 0.21560423248310795, "variance": 4.5811599117682425e-05},
"case23":{"physical_error": 0.0008254041852680187, "logical_error": 0.20456928331007732, "variance": 4.1611949810754304e-05},
"case22":{"physical_error": 0.0006812920690579612, "logical_error": 0.1731801736046175, "variance": 2.9990201650091704e-05},
"case21":{"physical_error": 0.0005623413251903491, "logical_error": 0.15796016002146118, "variance": 2.4615442206134693e-05},
"case20":{"physical_error": 0.00046415888336127806, "logical_error": 0.1395634818491394, "variance": 1.867810617633344e-05},
"case19":{"physical_error": 0.00038311868495572875, "logical_error": 0.11578575278837411, "variance": 1.1959675458332369e-05},
"case18":{"physical_error": 0.00031622776601683794, "logical_error": 0.09922780550884888, "variance": 8.471234831604668e-06},
"case17":{"physical_error": 0.00026101572156825374, "logical_error": 0.07997448465142032, "variance": 5.118289330400884e-06},
"case16":{"physical_error": 0.00021544346900318834, "logical_error": 0.06153936785612811, "variance": 2.7232940461734898e-06},
"case15":{"physical_error": 0.0001778279410038923, "logical_error": 0.048317791317979836, "variance": 1.6641088380132967e-06},
"case14":{"physical_error": 0.000146779926762207, "logical_error": 0.0337108053372385, "variance": 6.032054278153844e-07},
"case13":{"physical_error": 0.00012115276586285883, "logical_error": 0.02493883174968456, "variance": 3.2151910202772075e-07},
"case12":{"physical_error": 0.0001, "logical_error": 0.01790440438324207, "variance": 1.5126583513165643e-07},
"case11":{"physical_error": 8.254041852680184e-05, "logical_error": 0.012378941457862364, "variance": 5.421324724045799e-08},
"case10":{"physical_error": 6.812920690579614e-05, "logical_error": 0.008410041082787477, "variance": 1.6251086430562923e-08},
"case9":{"physical_error": 5.6234132519034914e-05, "logical_error": 0.006100258371694631, "variance": 1.2087706175631484e-08},
"case8":{"physical_error": 4.641588833612779e-05, "logical_error": 0.004189109016924327, "variance": 4.826545411860883e-09},
"case7":{"physical_error": 3.831186849557288e-05, "logical_error": 0.0028705209701271367, "variance": 1.9930107569701722e-09},
"case5":{"physical_error": 2.610157215682537e-05, "logical_error": 0.0013365631768704133, "variance": 3.8563817490760233e-10},
"case3":{"physical_error": 1.778279410038923e-05, "logical_error": 0.0006118064862941425, "variance": 7.401409559521911e-11},
"case4":{"physical_error": 2.154434690031884e-05, "logical_error": 0.0009047270532489284, "variance": 1.7950139437935533e-10},
"case6":{"physical_error": 3.1622776601683795e-05, "logical_error": 0.0019741298187376808, "variance": 9.21048645567466e-10},
"case2":{"physical_error": 1.4677992676220695e-05, "logical_error": 0.0004195420614803456, "variance": 5.337960167603584e-11},
"case1":{"physical_error": 1.2115276586285884e-05, "logical_error": 0.0003022598070748229, "variance": 3.686679381140839e-11},
"case0":{"physical_error": 1e-05, "logical_error": 0.0001961754908444675, "variance": 1.9899081286487985e-11},
"case1100":{"physical_error": 8.254041852680183e-06, "logical_error": 0.00013717429431227504, "variance": 1.49838941527557e-11},
"case500":{"physical_error": 2.6101572156825365e-06, "logical_error": 1.2144899694169343e-05, "variance": 1.218996599846567e-12},
"case700":{"physical_error": 3.8311868495572874e-06, "logical_error": 3.126866316913431e-05, "variance": 3.1438241041311142e-12},
"case000":{"physical_error": 1e-06, "logical_error": 1.5021570975921424e-06, "variance": 1.504317297230966e-13},
"case400":{"physical_error": 2.1544346900318835e-06, "logical_error": 9.065724302335918e-06, "variance": 9.070220692878182e-13},
"case900":{"physical_error": 5.623413251903491e-06, "logical_error": 6.360794686801938e-05, "variance": 6.490426844990707e-12},
"case600":{"physical_error": 3.162277660168379e-06, "logical_error": 2.1955139314202243e-05, "variance": 2.202872854392047e-12},
"case200":{"physical_error": 1.4677992676220694e-06, "logical_error": 3.3070174911161484e-06, "variance": 3.3140499050145896e-13},
"case1200":{"physical_error": 9.999999999999999e-06, "logical_error": 0.0001896963438312169, "variance": 1.924315661119319e-11},
"case800":{"physical_error": 4.6415888336127786e-06, "logical_error": 4.382049773624418e-05, "variance": 4.433958731248506e-12},
"case100":{"physical_error": 1.2115276586285884e-06, "logical_error": 2.9048278238432276e-06, "variance": 2.9096636848875107e-13},
"case1000":{"physical_error": 6.812920690579613e-06, "logical_error": 9.862898427907447e-05, "variance": 1.0072822217485153e-11},
"case300":{"physical_error": 1.7782794100389227e-06, "logical_error": 6.316137731905018e-06, "variance": 6.332316801332421e-13}
}