{
"case24":{"physical_error": 4.9999999999999996e-06, "logical_error": 0.2974510532232199, "variance": 7.542542006189217e-05},
"case23":{"physical_error": 4.1270209263400926e-06, "logical_error": 0.23053823871605678, "variance": 5.056182260380641e-05},
"case22":{"physical_error": 3.4064603452898055e-06, "logical_error": 0.21553572161111434, "variance": 4.4781973141675434e-05},
"case20":{"physical_error": 2.3207944168063897e-06, "logical_error": 0.16379168245639636, "variance": 2.6759042461255655e-05},
"case19":{"physical_error": 1.9155934247786437e-06, "logical_error": 0.1259829775639653, "variance": 1.570355480901478e-05},
"case17":{"physical_error": 1.3050786078412687e-06, "logical_error": 0.07658576817059316, "variance": 5.2613116257538755e-06},
"case16":{"physical_error": 1.0772173450159415e-06, "logical_error": 0.056019522993601314, "variance": 2.479433658821693e-06},
"case14":{"physical_error": 7.338996338110349e-07, "logical_error": 0.030432683936934983, "variance": 5.938074331273028e-07},
"case13":{"physical_error": 6.057638293142941e-07, "logical_error": 0.023170787858525985, "variance": 3.7115699730146703e-07},
"case11":{"physical_error": 4.1270209263400914e-07, "logical_error": 0.010889664458841606, "variance": 5.590503694722584e-08},
"case7":{"physical_error": 1.9155934247786438e-07, "logical_error": 0.002539546222929786, "variance": 2.3478741692088413e-09},
"case6":{"physical_error": 1.5811388300841896e-07, "logical_error": 0.0016827395291755312, "variance": 7.83176762740074e-10},
"case3":{"physical_error": 8.891397050194613e-08, "logical_error": 0.0005305568405363039, "variance": 3.1061027146509686e-11},
"case4":{"physical_error": 1.0772173450159419e-07, "logical_error": 0.0007751122904170869, "variance": 8.151234876443353e-11},
"case0":{"physical_error": 5e-08, "logical_error": 0.0001680529105600394, "variance": 1.8590111783263566e-12},
"case2":{"physical_error": 7.338996338110346e-08, "logical_error": 0.00035848874926240533, "variance": 1.2232268154349556e-11},
"case1":{"physical_error": 6.057638293142941e-08, "logical_error": 0.00024661650611617584, "variance": 3.0253182427504575e-12},
"case21":{"physical_error": 2.811706625951745e-06, "logical_error": 0.17766759849154098, "variance": 3.142000591190238e-05},
"case18":{"physical_error": 1.5811388300841896e-06, "logical_error": 0.09986921921529127, "variance": 9.548684331400965e-06},
"case15":{"physical_error": 8.891397050194613e-07, "logical_error": 0.04340654021241418, "variance": 1.4670833885280941e-06},
"case12":{"physical_error": 5e-07, "logical_error": 0.015589863243683657, "variance": 1.3023471101851332e-07},
"case10":{"physical_error": 3.4064603452898063e-07, "logical_error": 0.0074751733142099566, "variance": 2.0970450347953402e-08},
"case9":{"physical_error": 2.8117066259517457e-07, "logical_error": 0.00524628641854439, "variance": 1.0396554724254852e-08},
"case8":{"physical_error": 2.3207944168063892e-07, "logical_error": 0.0034690553777049675, "variance": 2.601942208343245e-09},
"case5":{"physical_error": 1.3050786078412684e-07, "logical_error": 0.0011514368343306133, "variance": 2.956089491975908e-10},
"case2400":{"physical_error": 5.0000000000000004e-08, "logical_error": 0.00016994478648435952, "variance": 2.130922155797183e-12},
"case2300":{"physical_error": 4.127020926340093e-08, "logical_error": 0.00011443062922661663, "variance": 9.240455338067554e-13},
"case2000":{"physical_error": 2.32079441680639e-08, "logical_error": 3.49494866420032e-05, "variance": 5.479486321108545e-14},
"case1100":{"physical_error": 4.127020926340092e-09, "logical_error": 7.47846268158894e-07, "variance": 6.762850967699552e-16},
"case2100":{"physical_error": 2.8117066259517456e-08, "logical_error": 5.219586822706796e-05, "variance": 9.225266708433792e-14},
"case2200":{"physical_error": 3.406460345289806e-08, "logical_error": 7.486298266754448e-05, "variance": 4.3195174131793324e-13},
"case1900":{"physical_error": 1.9155934247786438e-08, "logical_error": 2.5393874351083806e-05, "variance": 3.265197558184716e-14},
"case1200":{"physical_error": 5e-09, "logical_error": 1.9652912536805753e-06, "variance": 1.7429466208453827e-15},
"case700":{"physical_error": 1.915593424778644e-09, "logical_error": 4.0121917132192355e-07, "variance": 3.553572261285895e-16},
"case1400":{"physical_error": 7.33899633811035e-09, "logical_error": 4.176718940220198e-06, "variance": 3.707753688755394e-15},
"case600":{"physical_error": 1.5811388300841898e-09, "logical_error": 1.443512874837453e-07, "variance": 1.278361607252447e-16},
"case1700":{"physical_error": 1.3050786078412687e-08, "logical_error": 1.1950918503218449e-05, "variance": 1.5183505882453456e-14},
"case1500":{"physical_error": 8.891397050194614e-09, "logical_error": 5.042870125592338e-06, "variance": 4.479573560611536e-15},
"case1600":{"physical_error": 1.0772173450159416e-08, "logical_error": 7.616973347634183e-06, "variance": 6.771508284146766e-15},
"case000":{"physical_error": 5e-10, "logical_error": 4.779803059013768e-08, "variance": 4.2308365338809943e-17},
"case1800":{"physical_error": 1.5811388300841896e-08, "logical_error": 1.582394058124203e-05, "variance": 2.6842644004180615e-14},
"case1000":{"physical_error": 3.406460345289807e-09, "logical_error": 7.840495595518315e-07, "variance": 7.028125733075279e-16},
"case1300":{"physical_error": 6.057638293142942e-09, "logical_error": 2.382658166127619e-06, "variance": 2.2824596132994696e-15},
"case900":{"physical_error": 2.811706625951746e-09, "logical_error": 6.826858328091828e-07, "variance": 6.118950700884535e-16},
"case200":{"physical_error": 7.338996338110348e-10, "logical_error": 6.727809888168485e-08, "variance": 5.955713933070743e-17},
"case400":{"physical_error": 1.077217345015942e-09, "logical_error": 1.3280618015507175e-08, "variance": 1.1758320991587583e-17},
"case800":{"physical_error": 2.3207944168063893e-09, "logical_error": 3.1005014432125534e-07, "variance": 2.7466026283894643e-16},
"case100":{"physical_error": 6.057638293142942e-10, "logical_error": 3.806261299838234e-08, "variance": 3.369215135499126e-17},
"case300":{"physical_error": 8.891397050194614e-10, "logical_error": 1.8591340010404245e-08, "variance": 1.6458948732497985e-17},
"case500":{"physical_error": 1.3050786078412685e-09, "logical_error": 1.0714093063001948e-07, "variance": 9.486924806831941e-17}
}