{
"case24":{"physical_error": 0.001, "logical_error": 0.2238114123626629, "variance": 4.897095709245251e-05},
"case23":{"physical_error": 0.0008254041852680187, "logical_error": 0.2069267142988746, "variance": 4.252340239248072e-05},
"case22":{"physical_error": 0.0006812920690579612, "logical_error": 0.17428738166720792, "variance": 3.0297345442589303e-05},
"case21":{"physical_error": 0.0005623413251903491, "logical_error": 0.17138639605895378, "variance": 2.921190705492698e-05},
"case20":{"physical_error": 0.00046415888336127806, "logical_error": 0.14622031637938362, "variance": 1.9739755038403814e-05},
"case19":{"physical_error": 0.00038311868495572875, "logical_error": 0.14169980792262155, "variance": 1.8005678387045826e-05},
"case18":{"physical_error": 0.00031622776601683794, "logical_error": 0.12892534305771286, "variance": 1.3210171172743418e-05},
"case17":{"physical_error": 0.00026101572156825374, "logical_error": 0.13313527377228276, "variance": 1.4826789173710874e-05},
"case16":{"physical_error": 0.00021544346900318834, "logical_error": 0.11898311745078109, "variance": 9.686820515229096e-06},
"case15":{"physical_error": 0.0001778279410038923, "logical_error": 0.11357998483771654, "variance": 8.06272947656212e-06},
"case14":{"physical_error": 0.000146779926762207, "logical_error": 0.10529178888707864, "variance": 5.835955974606091e-06},
"case13":{"physical_error": 0.00012115276586285883, "logical_error": 0.09896441443631768, "variance": 4.921536978567137e-06},
"case12":{"physical_error": 0.0001, "logical_error": 0.09106602179465721, "variance": 4.182694017274635e-06},
"case11":{"physical_error": 8.254041852680184e-05, "logical_error": 0.07881094123974297, "variance": 2.7422547776903015e-06},
"case10":{"physical_error": 6.812920690579614e-05, "logical_error": 0.06354211652622528, "variance": 1.1617700800661166e-06},
"case9":{"physical_error": 5.6234132519034914e-05, "logical_error": 0.051867830825760915, "variance": 7.440008939594669e-07},
"case8":{"physical_error": 4.641588833612779e-05, "logical_error": 0.040255106745015784, "variance": 3.4919408020759295e-07},
"case7":{"physical_error": 3.831186849557288e-05, "logical_error": 0.030492945710362606, "variance": 1.6374993604637206e-07},
"case6":{"physical_error": 3.1622776601683795e-05, "logical_error": 0.022968511859143167, "variance": 1.1462477359937337e-07},
"case2":{"physical_error": 1.4677992676220695e-05, "logical_error": 0.005883022870217543, "variance": 4.265384044782796e-09},
"case1":{"physical_error": 1.2115276586285884e-05, "logical_error": 0.004072290695052735, "variance": 1.933022404432357e-09},
"case5":{"physical_error": 2.610157215682537e-05, "logical_error": 0.016522402721671894, "variance": 3.839437343465344e-08},
"case4":{"physical_error": 2.154434690031884e-05, "logical_error": 0.011936430261835405, "variance": 2.2533833207431508e-08},
"case3":{"physical_error": 1.778279410038923e-05, "logical_error": 0.00819349445877604, "variance": 4.057512916112379e-09},
"case0":{"physical_error": 1e-05, "logical_error": 0.002827841604012194, "variance": 5.357958061895061e-10},
"case800":{"physical_error": 4.6415888336127786e-06, "logical_error": 0.0006455172135091359, "variance": 8.463484513918146e-11},
"case1000":{"physical_error": 6.812920690579613e-06, "logical_error": 0.0013286185113979675, "variance": 1.341561900615102e-10},
"case900":{"physical_error": 5.623413251903491e-06, "logical_error": 0.0009100496717413173, "variance": 1.043002691105397e-10},
"case300":{"physical_error": 1.7782794100389227e-06, "logical_error": 9.10361477673084e-05, "variance": 9.127290969505738e-12},
"case200":{"physical_error": 1.4677992676220694e-06, "logical_error": 6.413153377577411e-05, "variance": 6.426333788176962e-12},
"case700":{"physical_error": 3.8311868495572874e-06, "logical_error": 0.00043229051891433874, "variance": 5.1780080809085186e-11},
"case600":{"physical_error": 3.162277660168379e-06, "logical_error": 0.00029710524214647473, "variance": 3.2269639128544165e-11},
"case400":{"physical_error": 2.1544346900318835e-06, "logical_error": 0.0001406892470843399, "variance": 1.4875924016325505e-11},
"case000":{"physical_error": 1e-06, "logical_error": 2.9342664233795938e-05, "variance": 2.9385390591716296e-12},
"case100":{"physical_error": 1.2115276586285884e-06, "logical_error": 4.247118170053009e-05, "variance": 4.254248290187363e-12},
"case1100":{"physical_error": 8.254041852680183e-06, "logical_error": 0.0019327004966817499, "variance": 4.2884030568325103e-10},
"case500":{"physical_error": 2.6101572156825365e-06, "logical_error": 0.000200605386527399, "variance": 2.176790680191345e-11},
"case1200":{"physical_error": 9.999999999999999e-06, "logical_error": 0.002794878745793653, "variance": 5.366668929948383e-10}
}