{
"case24":{"physical_error": 0.001, "logical_error": 0.22976933004339622, "variance": 5.1237152405858425e-05},
"case23":{"physical_error": 0.0008254041852680187, "logical_error": 0.19726899563041017, "variance": 3.8993476473919115e-05},
"case22":{"physical_error": 0.0006812920690579612, "logical_error": 0.18070973868896467, "variance": 3.265984457819067e-05},
"case21":{"physical_error": 0.0005623413251903491, "logical_error": 0.16439369589552988, "variance": 2.6519292951293725e-05},
"case20":{"physical_error": 0.00046415888336127806, "logical_error": 0.15745039782309578, "variance": 2.3980030045193276e-05},
"case19":{"physical_error": 0.00038311868495572875, "logical_error": 0.14957159615829432, "variance": 2.1181553528970926e-05},
"case18":{"physical_error": 0.00031622776601683794, "logical_error": 0.1271507924020711, "variance": 1.332794986389867e-05},
"case17":{"physical_error": 0.00026101572156825374, "logical_error": 0.12385696933569276, "variance": 1.2884675418646026e-05},
"case16":{"physical_error": 0.00021544346900318834, "logical_error": 0.10646878154000976, "variance": 8.296312267755671e-06},
"case15":{"physical_error": 0.0001778279410038923, "logical_error": 0.09023081498559476, "variance": 5.036582080027197e-06},
"case14":{"physical_error": 0.000146779926762207, "logical_error": 0.07315793932557212, "variance": 2.4982775358510257e-06},
"case13":{"physical_error": 0.00012115276586285883, "logical_error": 0.06129493184337242, "variance": 1.823677673024317e-06},
"case12":{"physical_error": 0.0001, "logical_error": 0.04790409050079256, "variance": 9.520931234296352e-07},
"case11":{"physical_error": 8.254041852680184e-05, "logical_error": 0.03619504921126729, "variance": 4.5312191573878064e-07},
"case9":{"physical_error": 5.6234132519034914e-05, "logical_error": 0.019367752530046523, "variance": 8.105893378200216e-08},
"case10":{"physical_error": 6.812920690579614e-05, "logical_error": 0.0267749328096901, "variance": 1.9930458490661899e-07},
"case7":{"physical_error": 3.831186849557288e-05, "logical_error": 0.009785510610612662, "variance": 1.385385930081271e-08},
"case5":{"physical_error": 2.610157215682537e-05, "logical_error": 0.00493638952347303, "variance": 4.838581021218528e-09},
"case4":{"physical_error": 2.154434690031884e-05, "logical_error": 0.00333803961437169, "variance": 1.53805914364744e-09},
"case8":{"physical_error": 4.641588833612779e-05, "logical_error": 0.01374564173552902, "variance": 2.926756838250776e-08},
"case1":{"physical_error": 1.2115276586285884e-05, "logical_error": 0.0011009916144739248, "variance": 2.0216789327269775e-10},
"case2":{"physical_error": 1.4677992676220695e-05, "logical_error": 0.0015904367356320002, "variance": 3.9503749434801156e-10},
"case6":{"physical_error": 3.1622776601683795e-05, "logical_error": 0.007160130236333018, "variance": 1.3731829798049284e-08},
"case3":{"physical_error": 1.778279410038923e-05, "logical_error": 0.0023392173971084717, "variance": 6.484049678321509e-10},
"case0":{"physical_error": 1e-05, "logical_error": 0.0007432800535925855, "variance": 1.0595863728769135e-10},
"case1100":{"physical_error": 8.254041852680183e-06, "logical_error": 0.000518095666317573, "variance": 7.667240624433019e-11},
"case100":{"physical_error": 1.2115276586285884e-06, "logical_error": 1.1419515952763273e-05, "variance": 1.143906531538727e-12},
"case800":{"physical_error": 4.6415888336127786e-06, "logical_error": 0.0001627738188831723, "variance": 1.6385476879289906e-11},
"case700":{"physical_error": 3.8311868495572874e-06, "logical_error": 0.00010755794235081472, "variance": 1.1113970623883469e-11},
"case200":{"physical_error": 1.4677992676220694e-06, "logical_error": 1.6182368216074793e-05, "variance": 1.6181139719160099e-12},
"case500":{"physical_error": 2.6101572156825365e-06, "logical_error": 5.066648150940635e-05, "variance": 5.142032021458254e-12},
"case900":{"physical_error": 5.623413251903491e-06, "logical_error": 0.0002343942308098739, "variance": 2.7182875624146335e-11},
"case1000":{"physical_error": 6.812920690579613e-06, "logical_error": 0.0003562502337739527, "variance": 4.51907070045381e-11},
"case1200":{"physical_error": 9.999999999999999e-06, "logical_error": 0.0007610878572313624, "variance": 1.1979996330206129e-10},
"case600":{"physical_error": 3.162277660168379e-06, "logical_error": 7.290112523271702e-05, "variance": 7.491658848878927e-12},
"case000":{"physical_error": 1e-06, "logical_error": 7.31047591198187e-06, "variance": 7.320966857488651e-13},
"case400":{"physical_error": 2.1544346900318835e-06, "logical_error": 3.340348399341159e-05, "variance": 3.3507289576519647e-12},
"case300":{"physical_error": 1.7782794100389227e-06, "logical_error": 2.616107641355517e-05, "variance": 2.622350139230148e-12}
}