{
"case23":{"physical_error": 0.0008254041852680187, "logical_error": 0.023792885749207474, "variance": 1.7797509809664898e-09},
"case24":{"physical_error": 0.001, "logical_error": 0.02791805674621154, "variance": 2.2750358348146712e-09},
"case20":{"physical_error": 0.00046415888336127806, "logical_error": 0.01432074647876721, "variance": 8.983909151044269e-10},
"case19":{"physical_error": 0.00038311868495572875, "logical_error": 0.011966155480792669, "variance": 7.219887848103563e-10},
"case22":{"physical_error": 0.0006812920690579612, "logical_error": 0.020142215631513014, "variance": 1.4049428202005634e-09},
"case21":{"physical_error": 0.0005623413251903491, "logical_error": 0.017036617539969212, "variance": 1.121720097654403e-09},
"case17":{"physical_error": 0.00026101572156825374, "logical_error": 0.00837625664210901, "variance": 4.762337659697172e-10},
"case15":{"physical_error": 0.0001778279410038923, "logical_error": 0.005787748241768553, "variance": 3.1573692110208067e-10},
"case12":{"physical_error": 0.0001, "logical_error": 0.0033138812024103674, "variance": 1.7406886116908542e-10},
"case10":{"physical_error": 6.812920690579614e-05, "logical_error": 0.002264665806526315, "variance": 1.170631276091776e-10},
"case18":{"physical_error": 0.00031622776601683794, "logical_error": 0.010008242954667252, "variance": 5.842598652561359e-10},
"case9":{"physical_error": 5.6234132519034914e-05, "logical_error": 0.0018917062123073917, "variance": 9.725945945303067e-11},
"case8":{"physical_error": 4.641588833612779e-05, "logical_error": 0.0015464267624441682, "variance": 7.912013437727578e-11},
"case16":{"physical_error": 0.00021544346900318834, "logical_error": 0.0069594702799846975, "variance": 3.869846640086154e-10},
"case4":{"physical_error": 2.154434690031884e-05, "logical_error": 0.0007221147752575611, "variance": 3.6493408238596665e-11},
"case6":{"physical_error": 3.1622776601683795e-05, "logical_error": 0.001048161722510393, "variance": 5.322979446263941e-11},
"case2":{"physical_error": 1.4677992676220695e-05, "logical_error": 0.0004911131545657446, "variance": 2.4731947046837087e-11},
"case1":{"physical_error": 1.2115276586285884e-05, "logical_error": 0.0004045176417572049, "variance": 2.0344961145444533e-11},
"case13":{"physical_error": 0.00012115276586285883, "logical_error": 0.004022400678713585, "variance": 2.134191671174933e-10},
"case14":{"physical_error": 0.000146779926762207, "logical_error": 0.004817603913820275, "variance": 2.5894358209048156e-10},
"case11":{"physical_error": 8.254041852680184e-05, "logical_error": 0.002740658423695919, "variance": 1.4275318402173073e-10},
"case5":{"physical_error": 2.610157215682537e-05, "logical_error": 0.0008868041346757693, "variance": 4.491239058990384e-11},
"case7":{"physical_error": 3.831186849557288e-05, "logical_error": 0.0012801345995129556, "variance": 6.521782498563094e-11},
"case3":{"physical_error": 1.778279410038923e-05, "logical_error": 0.0005957293014931757, "variance": 3.00496095050949e-11},
"case0":{"physical_error": 1e-05, "logical_error": 0.0003367830930201473, "variance": 1.692341634096905e-11}
}