{
    "case24":{"physical_error": 0.001, "logical_error": 0.004237209030055358, "variance": 6.703733987149081e-10},
    "case23":{"physical_error": 0.0008254041852680187, "logical_error": 0.002966708770452499, "variance": 4.3371413436553376e-10},
    "case22":{"physical_error": 0.0006812920690579612, "logical_error": 0.002052268916298065, "variance": 2.806936157816218e-10},
    "case21":{"physical_error": 0.0005623413251903491, "logical_error": 0.0014229784281079346, "variance": 1.842296066655016e-10},
    "case20":{"physical_error": 0.00046415888336127806, "logical_error": 0.0009839722324001545, "variance": 1.218016548162717e-10},
    "case19":{"physical_error": 0.00038311868495572875, "logical_error": 0.0006627757443861905, "variance": 7.899149206018143e-11},
    "case18":{"physical_error": 0.00031622776601683794, "logical_error": 0.000450247323838133, "variance": 5.206026004709825e-11},
    "case16":{"physical_error": 0.00021544346900318834, "logical_error": 0.0002175498298492951, "variance": 2.4036530455793422e-11},
    "case17":{"physical_error": 0.00026101572156825374, "logical_error": 0.000310040974130921, "variance": 3.4967408381247873e-11},
    "case15":{"physical_error": 0.0001778279410038923, "logical_error": 0.00015053261630462505, "variance": 1.6337468328417784e-11},
    "case14":{"physical_error": 0.000146779926762207, "logical_error": 9.80011404936219e-05, "variance": 1.0484960194378404e-11},
    "case13":{"physical_error": 0.00012115276586285883, "logical_error": 7.001860464132389e-05, "variance": 7.405747727972842e-12},
    "case12":{"physical_error": 0.0001, "logical_error": 4.303561275487606e-05, "variance": 4.506238358120806e-12},
    "case11":{"physical_error": 8.254041852680184e-05, "logical_error": 3.271276015731203e-05, "variance": 3.397221197174036e-12},
    "case10":{"physical_error": 6.812920690579614e-05, "logical_error": 2.022225913586985e-05, "variance": 2.0864273701952634e-12},
    "case9":{"physical_error": 5.6234132519034914e-05, "logical_error": 1.4265408437116746e-05, "variance": 1.4640422868903713e-12},
    "case8":{"physical_error": 4.641588833612779e-05, "logical_error": 1.0930647594899984e-05, "variance": 1.116626699475634e-12},
    "case6":{"physical_error": 3.1622776601683795e-05, "logical_error": 5.580662901579429e-06, "variance": 5.662508803829987e-13},
    "case4":{"physical_error": 2.154434690031884e-05, "logical_error": 1.7169965488369367e-06, "variance": 1.7341630286576187e-13},
    "case2":{"physical_error": 1.4677992676220695e-05, "logical_error": 9.060797954273173e-07, "variance": 9.122006618684547e-14},
    "case0":{"physical_error": 1e-05, "logical_error": 1.5069545954580389e-06, "variance": 1.513941435181401e-13},
    "case5":{"physical_error": 2.610157215682537e-05, "logical_error": 3.23863038321094e-06, "variance": 3.277727112205325e-13},
    "case7":{"physical_error": 3.831186849557288e-05, "logical_error": 6.106528387723843e-06, "variance": 6.214948158346192e-13},
    "case1":{"physical_error": 1.2115276586285884e-05, "logical_error": 4.022230870018593e-07, "variance": 4.0445852929326314e-14},
    "case3":{"physical_error": 1.778279410038923e-05, "logical_error": 9.07286417216667e-07, "variance": 9.146318254065067e-14}
}