{
"case24":{"physical_error": 0.001, "logical_error": 0.02788218745515739, "variance": 2.2732910444543053e-09},
"case22":{"physical_error": 0.0006812920690579612, "logical_error": 0.02014694923083579, "variance": 1.4058162317049298e-09},
"case21":{"physical_error": 0.0005623413251903491, "logical_error": 0.017033439633045405, "variance": 1.1216083389882281e-09},
"case23":{"physical_error": 0.0008254041852680187, "logical_error": 0.023744371261257478, "variance": 1.780824282945745e-09},
"case18":{"physical_error": 0.00031622776601683794, "logical_error": 0.010021809165279085, "variance": 5.851085329434336e-10},
"case17":{"physical_error": 0.00026101572156825374, "logical_error": 0.008325220080272923, "variance": 4.728911362533995e-10},
"case20":{"physical_error": 0.00046415888336127806, "logical_error": 0.014304115872776984, "variance": 8.969897329104888e-10},
"case15":{"physical_error": 0.0001778279410038923, "logical_error": 0.005770334453159864, "variance": 3.147989742163413e-10},
"case19":{"physical_error": 0.00038311868495572875, "logical_error": 0.012012079009527854, "variance": 7.245462875105167e-10},
"case11":{"physical_error": 8.254041852680184e-05, "logical_error": 0.002746766963162848, "variance": 1.429785666555714e-10},
"case14":{"physical_error": 0.000146779926762207, "logical_error": 0.004795664173415861, "variance": 2.578006374193973e-10},
"case9":{"physical_error": 5.6234132519034914e-05, "logical_error": 0.0018783778088877104, "variance": 9.65355839838518e-11},
"case7":{"physical_error": 3.831186849557288e-05, "logical_error": 0.0012869870264575493, "variance": 6.556499183651835e-11},
"case0":{"physical_error": 1e-05, "logical_error": 0.0003483276654245505, "variance": 1.7502565905747424e-11},
"case3":{"physical_error": 1.778279410038923e-05, "logical_error": 0.0006007520275995642, "variance": 3.030061068068657e-11},
"case4":{"physical_error": 2.154434690031884e-05, "logical_error": 0.0007292535156467122, "variance": 3.684941034389479e-11},
"case16":{"physical_error": 0.00021544346900318834, "logical_error": 0.007003955857158898, "variance": 3.8932971148946224e-10},
"case13":{"physical_error": 0.00012115276586285883, "logical_error": 0.003970568888671985, "variance": 2.1062752112986189e-10},
"case12":{"physical_error": 0.0001, "logical_error": 0.0033028473960783657, "variance": 1.7342224129217172e-10},
"case8":{"physical_error": 4.641588833612779e-05, "logical_error": 0.0015568296106675834, "variance": 7.964210897519945e-11},
"case10":{"physical_error": 6.812920690579614e-05, "logical_error": 0.0022558738422635448, "variance": 1.166070939051576e-10},
"case6":{"physical_error": 3.1622776601683795e-05, "logical_error": 0.0010478906242066676, "variance": 5.320484093781632e-11},
"case5":{"physical_error": 2.610157215682537e-05, "logical_error": 0.0008834923085182135, "variance": 4.474461710318819e-11},
"case2":{"physical_error": 1.4677992676220695e-05, "logical_error": 0.0004885526712112802, "variance": 2.4607836749077506e-11},
"case1":{"physical_error": 1.2115276586285884e-05, "logical_error": 0.0004030428940131842, "variance": 2.0269342036313174e-11}
}