{
    "case24":{"physical_error": 0.001, "logical_error": 0.0023857720331061463, "variance": 3.6922082212969873e-10},
    "case23":{"physical_error": 0.0008254041852680187, "logical_error": 0.0016531000107577007, "variance": 2.3711406902968416e-10},
    "case22":{"physical_error": 0.0006812920690579612, "logical_error": 0.0011274656568026908, "variance": 1.5205488125233527e-10},
    "case21":{"physical_error": 0.0005623413251903491, "logical_error": 0.0007863742875561514, "variance": 1.0058303840752189e-10},
    "case20":{"physical_error": 0.00046415888336127806, "logical_error": 0.0005351029496875705, "variance": 6.561300796616375e-11},
    "case19":{"physical_error": 0.00038311868495572875, "logical_error": 0.00036160156101996743, "variance": 4.281456743028069e-11},
    "case18":{"physical_error": 0.00031622776601683794, "logical_error": 0.0002576283489962487, "variance": 2.959088997170438e-11},
    "case17":{"physical_error": 0.00026101572156825374, "logical_error": 0.00017829769435289712, "variance": 1.999375334060322e-11},
    "case16":{"physical_error": 0.00021544346900318834, "logical_error": 0.00012286038313098367, "variance": 1.3501497086844452e-11},
    "case15":{"physical_error": 0.0001778279410038923, "logical_error": 8.144123955080776e-05, "variance": 8.808333996775636e-12},
    "case14":{"physical_error": 0.000146779926762207, "logical_error": 5.7691836018687465e-05, "variance": 6.152214312767327e-12},
    "case12":{"physical_error": 0.0001, "logical_error": 2.5069672798987184e-05, "variance": 2.618702059367825e-12},
    "case13":{"physical_error": 0.00012115276586285883, "logical_error": 3.6589326461147827e-05, "variance": 3.858152192739057e-12},
    "case11":{"physical_error": 8.254041852680184e-05, "logical_error": 1.7214006394070086e-05, "variance": 1.7850723863559385e-12},
    "case8":{"physical_error": 4.641588833612779e-05, "logical_error": 4.0816284881341955e-06, "variance": 4.1649227787871604e-13},
    "case9":{"physical_error": 5.6234132519034914e-05, "logical_error": 8.610350871798025e-06, "variance": 8.825969301842027e-13},
    "case6":{"physical_error": 3.1622776601683795e-05, "logical_error": 2.2307328058664215e-06, "variance": 2.2618949323493995e-13},
    "case4":{"physical_error": 2.154434690031884e-05, "logical_error": 1.7160675403805835e-06, "variance": 1.732286943028156e-13},
    "case10":{"physical_error": 6.812920690579614e-05, "logical_error": 1.2468429627049692e-05, "variance": 1.284807746815624e-12},
    "case0":{"physical_error": 1e-05, "logical_error": 5.022157760037284e-07, "variance": 5.044413713340543e-14},
    "case5":{"physical_error": 2.610157215682537e-05, "logical_error": 1.8211047833340585e-06, "variance": 1.8424570177123266e-13},
    "case7":{"physical_error": 3.831186849557288e-05, "logical_error": 4.575858583598903e-06, "variance": 4.652995950465723e-13},
    "case2":{"physical_error": 1.4677992676220695e-05, "logical_error": 9.057861620028744e-07, "variance": 9.116095236398859e-14},
    "case3":{"physical_error": 1.778279410038923e-05, "logical_error": 1.511523857892573e-06, "variance": 1.523136248652298e-13},
    "case1":{"physical_error": 1.2115276586285884e-05, "logical_error": 3.0161211676410415e-07, "variance": 3.0323289659641196e-14}
}