{
"case24":{"physical_error": 0.001, "logical_error": 0.0, "variance": 0.0},
"case23":{"physical_error": 0.0008254041852680187, "logical_error": 0.0, "variance": 0.0},
"case22":{"physical_error": 0.0006812920690579612, "logical_error": 0.0007462686567164179, "variance": 1.8563896933244228e-07},
"case21":{"physical_error": 0.0005623413251903491, "logical_error": 0.0003051881993896236, "variance": 1.5523306174446774e-08},
"case20":{"physical_error": 0.00046415888336127806, "logical_error": 0.00025, "variance": 3.90625e-09},
"case19":{"physical_error": 0.00038311868495572875, "logical_error": 0.00021734090645647385, "variance": 1.2596551898485793e-09},
"case18":{"physical_error": 0.00031622776601683794, "logical_error": 0.00010153429602888087, "variance": 2.5454847580445465e-10},
"case17":{"physical_error": 0.00026101572156825374, "logical_error": 0.0001028546909311189, "variance": 1.2980475394522692e-10},
"case16":{"physical_error": 0.00021544346900318834, "logical_error": 4.065187540651875e-05, "variance": 2.937911065008221e-11},
"case15":{"physical_error": 0.0001778279410038923, "logical_error": 4.2921557465188355e-05, "variance": 1.9392211528815435e-11},
"case14":{"physical_error": 0.000146779926762207, "logical_error": 2.6136433726022327e-05, "variance": 8.060332364775899e-12},
"case13":{"physical_error": 0.00012115276586285883, "logical_error": 1.878687274277126e-05, "variance": 4.21428761138008e-12},
"case12":{"physical_error": 0.0001, "logical_error": 1.151566996955707e-05, "variance": 1.99414518568058e-12},
"case11":{"physical_error": 8.254041852680184e-05, "logical_error": 6.265681608692867e-06, "variance": 8.724170227002675e-13},
"case10":{"physical_error": 6.812920690579614e-05, "logical_error": 5.4680028759368315e-06, "variance": 6.361501159841163e-13},
"case9":{"physical_error": 5.6234132519034914e-05, "logical_error": 4.212418208879777e-06, "variance": 4.224873134881408e-13},
"case8":{"physical_error": 4.641588833612779e-05, "logical_error": 2.0016618241277646e-06, "variance": 1.7807333591868848e-13},
"case7":{"physical_error": 3.831186849557288e-05, "logical_error": 1.607208006467405e-06, "variance": 1.291558788026465e-13},
"case6":{"physical_error": 3.1622776601683795e-05, "logical_error": 1.4795285038563911e-06, "variance": 1.0945022968617654e-13},
"case4":{"physical_error": 2.154434690031884e-05, "logical_error": 5.876768090977594e-07, "variance": 3.837378132792493e-14},
"case5":{"physical_error": 2.610157215682537e-05, "logical_error": 4.1470602871977485e-07, "variance": 2.8663515042754455e-14},
"case3":{"physical_error": 1.778279410038923e-05, "logical_error": 2.494428071295743e-07, "variance": 1.55554285071705e-14},
"case2":{"physical_error": 1.4677992676220695e-05, "logical_error": 5.098980203959208e-07, "variance": 3.0587763671021044e-14},
"case1":{"physical_error": 1.2115276586285884e-05, "logical_error": 1.7440582841024436e-07, "variance": 1.0139130994487866e-14},
"case0":{"physical_error": 1e-05, "logical_error": 0.0, "variance": 0.0}
}