{
"case24":{"physical_error": 0.001, "logical_error": 0.008742547559557678, "variance": 3.6046094053540798e-09},
"case23":{"physical_error": 0.0008254041852680187, "logical_error": 0.006197286039532237, "variance": 2.004193198130833e-09},
"case22":{"physical_error": 0.0006812920690579612, "logical_error": 0.0044235255790491404, "variance": 1.1621772612996397e-09},
"case21":{"physical_error": 0.0005623413251903491, "logical_error": 0.0030787950378687793, "variance": 6.836130740808754e-10},
"case20":{"physical_error": 0.00046415888336127806, "logical_error": 0.0021187545005434435, "variance": 4.0903149280848265e-10},
"case19":{"physical_error": 0.00038311868495572875, "logical_error": 0.0014866966166618971, "variance": 2.5629253594549305e-10},
"case18":{"physical_error": 0.00031622776601683794, "logical_error": 0.00101785479106696, "variance": 1.595853936688178e-10},
"case17":{"physical_error": 0.00026101572156825374, "logical_error": 0.0006989481735361563, "variance": 1.0124944026725986e-10},
"case16":{"physical_error": 0.00021544346900318834, "logical_error": 0.0004853009926178802, "variance": 6.595268928476611e-11},
"case15":{"physical_error": 0.0001778279410038923, "logical_error": 0.0003365686466235063, "variance": 4.330216127292762e-11},
"case14":{"physical_error": 0.000146779926762207, "logical_error": 0.00021781145125821265, "variance": 2.6864002434433036e-11},
"case12":{"physical_error": 0.0001, "logical_error": 0.00010511332530384321, "variance": 1.2114924513631101e-11},
"case13":{"physical_error": 0.00012115276586285883, "logical_error": 0.00015405776512901893, "variance": 1.8298993829258255e-11},
"case11":{"physical_error": 8.254041852680184e-05, "logical_error": 7.152906880624057e-05, "variance": 8.04466617026399e-12},
"case7":{"physical_error": 3.831186849557288e-05, "logical_error": 1.5202365657011405e-05, "variance": 1.6049438997880542e-12},
"case8":{"physical_error": 4.641588833612779e-05, "logical_error": 2.27547814419267e-05, "variance": 2.4308923871824023e-12},
"case9":{"physical_error": 5.6234132519034914e-05, "logical_error": 3.6181527272097e-05, "variance": 3.9194698076092784e-12},
"case3":{"physical_error": 1.778279410038923e-05, "logical_error": 3.7949340707129553e-06, "variance": 3.8923039462318923e-13},
"case5":{"physical_error": 2.610157215682537e-05, "logical_error": 7.784500126108903e-06, "variance": 8.079792295118602e-13},
"case10":{"physical_error": 6.812920690579614e-05, "logical_error": 4.451452176087989e-05, "variance": 4.904808533662993e-12},
"case4":{"physical_error": 2.154434690031884e-05, "logical_error": 4.5356008588778715e-06, "variance": 4.675380716148566e-13},
"case2":{"physical_error": 1.4677992676220695e-05, "logical_error": 2.3486091638645036e-06, "variance": 2.398245654168836e-13},
"case1":{"physical_error": 1.2115276586285884e-05, "logical_error": 1.322809199018679e-06, "variance": 1.3460185976987995e-13},
"case0":{"physical_error": 1e-05, "logical_error": 8.115705614952376e-07, "variance": 8.23308470357119e-14},
"case6":{"physical_error": 3.1622776601683795e-05, "logical_error": 1.0246962246217773e-05, "variance": 1.0714309721980856e-12}
}