{
"case24":{"physical_error": 0.001, "logical_error": 0.02776319734220135, "variance": 2.261800771188608e-09},
"case22":{"physical_error": 0.0006812920690579612, "logical_error": 0.020146194182906203, "variance": 1.4044425145389842e-09},
"case21":{"physical_error": 0.0005623413251903491, "logical_error": 0.016917214770672668, "variance": 1.1146936308802962e-09},
"case23":{"physical_error": 0.0008254041852680187, "logical_error": 0.023712906475185983, "variance": 1.773288210775274e-09},
"case18":{"physical_error": 0.00031622776601683794, "logical_error": 0.010063941453465213, "variance": 5.878216393371556e-10},
"case20":{"physical_error": 0.00046415888336127806, "logical_error": 0.014281019624423512, "variance": 8.958470058027366e-10},
"case15":{"physical_error": 0.0001778279410038923, "logical_error": 0.005802860112843907, "variance": 3.166428453713212e-10},
"case12":{"physical_error": 0.0001, "logical_error": 0.0033070891885135178, "variance": 1.73690564372153e-10},
"case13":{"physical_error": 0.00012115276586285883, "logical_error": 0.003995931307401605, "variance": 2.1191626869289567e-10},
"case19":{"physical_error": 0.00038311868495572875, "logical_error": 0.011973215028872448, "variance": 7.22155911757332e-10},
"case10":{"physical_error": 6.812920690579614e-05, "logical_error": 0.002257472216362877, "variance": 1.1671155354491483e-10},
"case3":{"physical_error": 1.778279410038923e-05, "logical_error": 0.00059796057124584, "variance": 3.016021127893983e-11},
"case5":{"physical_error": 2.610157215682537e-05, "logical_error": 0.0008777597315449838, "variance": 4.4453479287262453e-11},
"case17":{"physical_error": 0.00026101572156825374, "logical_error": 0.008329006463604871, "variance": 4.731535133768371e-10},
"case2":{"physical_error": 1.4677992676220695e-05, "logical_error": 0.0004980360348200274, "variance": 2.508335506496156e-11},
"case0":{"physical_error": 1e-05, "logical_error": 0.00033944900186741553, "variance": 1.7058458842856456e-11},
"case16":{"physical_error": 0.00021544346900318834, "logical_error": 0.006996900476251341, "variance": 3.888311823065314e-10},
"case11":{"physical_error": 8.254041852680184e-05, "logical_error": 0.0027390110748371577, "variance": 1.4261448813826925e-10},
"case14":{"physical_error": 0.000146779926762207, "logical_error": 0.004802789035154181, "variance": 2.580754365204433e-10},
"case6":{"physical_error": 3.1622776601683795e-05, "logical_error": 0.001079454273990412, "variance": 5.481912092662773e-11},
"case8":{"physical_error": 4.641588833612779e-05, "logical_error": 0.0015460993415695116, "variance": 7.908630705866496e-11},
"case7":{"physical_error": 3.831186849557288e-05, "logical_error": 0.0012781979590194247, "variance": 6.510874527777083e-11},
"case9":{"physical_error": 5.6234132519034914e-05, "logical_error": 0.0018487764978213788, "variance": 9.5017309622289e-11},
"case4":{"physical_error": 2.154434690031884e-05, "logical_error": 0.0007253982043281694, "variance": 3.665926830507669e-11},
"case1":{"physical_error": 1.2115276586285884e-05, "logical_error": 0.00041278929392413595, "variance": 2.0763735654096564e-11}
}