{
"case24":{"physical_error": 0.001, "logical_error": 0.007181741907369708, "variance": 1.1677553166109014e-09},
"case23":{"physical_error": 0.0008254041852680187, "logical_error": 0.0050138810363114785, "variance": 7.479620067326351e-10},
"case22":{"physical_error": 0.0006812920690579612, "logical_error": 0.0034828551142296288, "variance": 4.848814704687005e-10},
"case21":{"physical_error": 0.0005623413251903491, "logical_error": 0.0024360899487457298, "variance": 3.2031814316294993e-10},
"case20":{"physical_error": 0.00046415888336127806, "logical_error": 0.0016756803460050763, "variance": 2.0982697817872459e-10},
"case19":{"physical_error": 0.00038311868495572875, "logical_error": 0.0011807177540103088, "variance": 1.4222550649205753e-10},
"case18":{"physical_error": 0.00031622776601683794, "logical_error": 0.0008110460977596456, "variance": 9.46468737685106e-11},
"case17":{"physical_error": 0.00026101572156825374, "logical_error": 0.0005517999350556455, "variance": 6.265085768053798e-11},
"case15":{"physical_error": 0.0001778279410038923, "logical_error": 0.0002469294691343617, "variance": 2.693205067446011e-11},
"case16":{"physical_error": 0.00021544346900318834, "logical_error": 0.0003690491791626593, "variance": 4.0986246355893046e-11},
"case14":{"physical_error": 0.000146779926762207, "logical_error": 0.0001695802298252722, "variance": 1.822398881342974e-11},
"case13":{"physical_error": 0.00012115276586285883, "logical_error": 0.00012076179682517448, "variance": 1.281494865768429e-11},
"case12":{"physical_error": 0.0001, "logical_error": 8.114497342055981e-05, "variance": 8.51811993715829e-12},
"case11":{"physical_error": 8.254041852680184e-05, "logical_error": 5.90225368240254e-05, "variance": 6.144020905014875e-12},
"case7":{"physical_error": 3.831186849557288e-05, "logical_error": 1.069827105750881e-05, "variance": 1.0900286059041017e-12},
"case10":{"physical_error": 6.812920690579614e-05, "logical_error": 3.929017135684471e-05, "variance": 4.062414645395317e-12},
"case9":{"physical_error": 5.6234132519034914e-05, "logical_error": 2.466780686751743e-05, "variance": 2.5354195652214172e-12},
"case6":{"physical_error": 3.1622776601683795e-05, "logical_error": 8.428714905319129e-06, "variance": 8.559425898210704e-13},
"case3":{"physical_error": 1.778279410038923e-05, "logical_error": 2.2190460724397504e-06, "variance": 2.2382570325501282e-13},
"case8":{"physical_error": 4.641588833612779e-05, "logical_error": 1.6060083123716855e-05, "variance": 1.642842483698694e-12},
"case5":{"physical_error": 2.610157215682537e-05, "logical_error": 5.368012721177317e-06, "variance": 5.436898221645566e-13},
"case0":{"physical_error": 1e-05, "logical_error": 7.034101323214946e-07, "variance": 7.068368775036322e-14},
"case4":{"physical_error": 2.154434690031884e-05, "logical_error": 3.942029923039446e-06, "variance": 3.984512798497022e-13},
"case2":{"physical_error": 1.4677992676220695e-05, "logical_error": 1.9138543919432773e-06, "variance": 1.927809807137143e-13},
"case1":{"physical_error": 1.2115276586285884e-05, "logical_error": 1.2070455247278364e-06, "variance": 1.214132415637915e-13}
}