{
"case24":{"physical_error": 0.001, "logical_error": 0.0, "variance": 0.0},
"case23":{"physical_error": 0.0008254041852680187, "logical_error": 0.0, "variance": 0.0},
"case22":{"physical_error": 0.0006812920690579612, "logical_error": 0.0007575757575757576, "variance": 1.9130700948882768e-07},
"case21":{"physical_error": 0.0005623413251903491, "logical_error": 0.0003299492385786802, "variance": 1.674869231363859e-08},
"case20":{"physical_error": 0.00046415888336127806, "logical_error": 0.00026768332251784555, "variance": 4.342688554799571e-09},
"case19":{"physical_error": 0.00038311868495572875, "logical_error": 0.00013764624913971095, "variance": 7.894370792596406e-10},
"case18":{"physical_error": 0.00031622776601683794, "logical_error": 0.00013120710536939847, "variance": 3.3106354806570063e-10},
"case17":{"physical_error": 0.00026101572156825374, "logical_error": 6.96255411803428e-05, "variance": 8.814029063010204e-11},
"case16":{"physical_error": 0.00021544346900318834, "logical_error": 6.45448233966849e-05, "variance": 4.667825464772259e-11},
"case15":{"physical_error": 0.0001778279410038923, "logical_error": 4.267406049330311e-05, "variance": 1.9270639565990404e-11},
"case14":{"physical_error": 0.000146779926762207, "logical_error": 2.8780807843234343e-05, "variance": 8.906826882894403e-12},
"case13":{"physical_error": 0.00012115276586285883, "logical_error": 1.5535571956716546e-05, "variance": 3.497884000323443e-12},
"case12":{"physical_error": 0.0001, "logical_error": 1.2536355430749172e-05, "variance": 2.167726999807921e-12},
"case11":{"physical_error": 8.254041852680184e-05, "logical_error": 6.944174393218042e-06, "variance": 9.64431160068503e-13},
"case10":{"physical_error": 6.812920690579614e-05, "logical_error": 7.095696518223145e-06, "variance": 8.253919521102304e-13},
"case9":{"physical_error": 5.6234132519034914e-05, "logical_error": 3.815506217266973e-06, "variance": 3.8310757089481383e-13},
"case8":{"physical_error": 4.641588833612779e-05, "logical_error": 2.490323315118397e-06, "variance": 2.2148965049365297e-13},
"case7":{"physical_error": 3.831186849557288e-05, "logical_error": 1.566411006969324e-06, "variance": 1.2582786885921292e-13},
"case6":{"physical_error": 3.1622776601683795e-05, "logical_error": 1.3308589215606539e-06, "variance": 9.83991927276437e-14},
"case5":{"physical_error": 2.610157215682537e-05, "logical_error": 7.25883054018143e-07, "variance": 5.018154362959107e-14},
"case4":{"physical_error": 2.154434690031884e-05, "logical_error": 5.223561920755953e-07, "variance": 3.410699892496454e-14},
"case2":{"physical_error": 1.4677992676220695e-05, "logical_error": 2.998982745052878e-07, "variance": 1.7987795010249793e-14},
"case1":{"physical_error": 1.2115276586285884e-05, "logical_error": 2.615415374457737e-07, "variance": 1.5200883513222012e-14},
"case3":{"physical_error": 1.778279410038923e-05, "logical_error": 9.347471695855705e-07, "variance": 5.825015140321568e-14},
"case0":{"physical_error": 1e-05, "logical_error": 1.1317735230638467e-07, "variance": 6.404556537541758e-15}
}