{
"case10":{"physical_error": 0.0008254041852680183, "logical_error": 0.005792329735991707, "variance": 4.414616285586022e-08},
"case9":{"physical_error": 0.0006812920690579614, "logical_error": 0.002588377123001099, "variance": 9.177665932706092e-09},
"case8":{"physical_error": 0.0005623413251903491, "logical_error": 0.0012422313344358608, "variance": 2.3451955748545584e-09},
"case7":{"physical_error": 0.00046415888336127784, "logical_error": 0.0006270954783826566, "variance": 7.060120987575815e-10},
"case6":{"physical_error": 0.0003831186849557288, "logical_error": 0.0002888556831436906, "variance": 2.1230942922241273e-10},
"case5":{"physical_error": 0.000316227766016838, "logical_error": 0.00014445135924069324, "variance": 7.478923005908177e-11},
"case4":{"physical_error": 0.0002610157215682537, "logical_error": 5.780943372361814e-05, "variance": 2.2429064613727505e-11},
"case3":{"physical_error": 0.0002154434690031884, "logical_error": 2.6911915770596714e-05, "variance": 8.230127391405591e-12},
"case2":{"physical_error": 0.0001778279410038923, "logical_error": 1.2579872757103037e-05, "variance": 3.165063971698063e-12},
"case1":{"physical_error": 0.00012115276586285884, "logical_error": 2.622146612832748e-06, "variance": 4.911180613707324e-13},
"case0":{"physical_error": 0.0001, "logical_error": 5.036575612095034e-07, "variance": 8.455697965450156e-14}
}