{
"case24":{"physical_error": 0.001, "logical_error": 0.0, "variance": 0.0},
"case22":{"physical_error": 0.0006812920690579612, "logical_error": 0.00035377358490566035, "variance": 8.343716625133499e-08},
"case23":{"physical_error": 0.0008254041852680187, "logical_error": 0.0, "variance": 0.0},
"case21":{"physical_error": 0.0005623413251903491, "logical_error": 0.0001540041067761807, "variance": 7.905754967976422e-09},
"case20":{"physical_error": 0.00046415888336127806, "logical_error": 0.0002147239263803681, "variance": 3.2933117543001243e-09},
"case19":{"physical_error": 0.00038311868495572875, "logical_error": 0.00017875529115661824, "variance": 1.0225105317275954e-09},
"case18":{"physical_error": 0.00031622776601683794, "logical_error": 0.00011296882060551288, "variance": 2.8359898731112336e-10},
"case17":{"physical_error": 0.00026101572156825374, "logical_error": 8.81442775974026e-05, "variance": 1.1179012479378373e-10},
"case16":{"physical_error": 0.00021544346900318834, "logical_error": 5.636245393453284e-05, "variance": 4.072725914772226e-11},
"case15":{"physical_error": 0.0001778279410038923, "logical_error": 4.293789895055718e-05, "variance": 1.9356043740559152e-11},
"case14":{"physical_error": 0.000146779926762207, "logical_error": 2.1982414068745004e-05, "variance": 6.758412983073542e-12},
"case13":{"physical_error": 0.00012115276586285883, "logical_error": 1.842572410848707e-05, "variance": 4.140333035635141e-12},
"case12":{"physical_error": 0.0001, "logical_error": 1.3551024353866444e-05, "variance": 2.3392389941284263e-12},
"case11":{"physical_error": 8.254041852680184e-05, "logical_error": 8.530426813812467e-06, "variance": 1.1880519449111955e-12},
"case10":{"physical_error": 6.812920690579614e-05, "logical_error": 5.6144866555579344e-06, "variance": 6.533152415634843e-13},
"case9":{"physical_error": 5.6234132519034914e-05, "logical_error": 3.6123542515402678e-06, "variance": 3.624750899616958e-13},
"case8":{"physical_error": 4.641588833612779e-05, "logical_error": 1.825116451332602e-06, "variance": 1.624902468743859e-13},
"case7":{"physical_error": 3.831186849557288e-05, "logical_error": 1.9682667202249447e-06, "variance": 1.5812546456918615e-13},
"case6":{"physical_error": 3.1622776601683795e-05, "logical_error": 1.1852132791295794e-06, "variance": 8.779565731406814e-14},
"case5":{"physical_error": 2.610157215682537e-05, "logical_error": 8.983360053070927e-07, "variance": 6.207750603316191e-14},
"case4":{"physical_error": 2.154434690031884e-05, "logical_error": 5.553653519970938e-07, "variance": 3.628596167045364e-14},
"case2":{"physical_error": 1.4677992676220695e-05, "logical_error": 1.7987833029738686e-07, "variance": 1.0785404570191933e-14},
"case3":{"physical_error": 1.778279410038923e-05, "logical_error": 2.490777894844339e-07, "variance": 1.550993630361299e-14},
"case1":{"physical_error": 1.2115276586285884e-05, "logical_error": 5.812344955698307e-08, "variance": 3.378335388403155e-15},
"case0":{"physical_error": 1e-05, "logical_error": 1.1317696803429714e-07, "variance": 6.4045130467181594e-15}
}